Symbol,Open Price ($),Close Price ($),Highest Price ($),Lowest Price ($),Date
WGMI,4.64,4.5588,4.64,4.42,2023-01-03
WGMI,4.71,5.0974,5.14,4.71,2023-01-04
WGMI,5.16,5.24,5.26,5.0,2023-01-05
WGMI,5.24,5.21,5.27,5.1,2023-01-06
WGMI,5.5,5.85,6.0999,5.5,2023-01-09
WGMI,5.9,6.28,6.32,5.82,2023-01-10
WGMI,6.28,6.16,6.37,6.14,2023-01-11
WGMI,6.51,7.47,7.5899,6.28,2023-01-12
WGMI,7.34,7.79,8.27,7.34,2023-01-13
WGMI,8.53,8.37,8.89,8.03,2023-01-17
WGMI,8.62,7.62,8.69,7.5,2023-01-18
WGMI,7.43,7.76,7.86,7.31,2023-01-19
WGMI,7.92,8.29,8.299,7.7,2023-01-20
WGMI,8.37,8.85,9.069,8.37,2023-01-23
WGMI,8.94,8.745,8.99,8.6934,2023-01-24
WGMI,8.51,8.6905,8.72,8.05,2023-01-25
WGMI,9.0,9.0,9.1484,8.804,2023-01-26
WGMI,8.91,9.18,9.35,8.855,2023-01-27
WGMI,9.14,8.57,9.489,8.54,2023-01-30
WGMI,8.76,8.88,8.96,8.7201,2023-01-31
WGMI,8.95,9.48,9.54,8.69,2023-02-01
WGMI,9.81,10.08,10.5684,9.5901,2023-02-02
WGMI,9.83,9.37,10.07,9.285,2023-02-03
WGMI,9.22,9.34,9.46,9.04,2023-02-06
WGMI,9.44,9.26,9.44,8.8901,2023-02-07
WGMI,9.0,8.88,9.4599,8.84,2023-02-08
WGMI,8.99,8.05,8.99,8.0,2023-02-09
WGMI,7.85,7.82,8.0599,7.76,2023-02-10
WGMI,7.8,7.63,7.8,7.62,2023-02-13
WGMI,7.61,8.16,8.2601,7.53,2023-02-14
WGMI,8.41,9.09,9.12,8.305,2023-02-15
WGMI,9.1,8.91,9.65,8.8599,2023-02-16
WGMI,8.88,9.06,9.06,8.65,2023-02-17
WGMI,8.96,8.49,9.0201,8.485,2023-02-21
WGMI,8.37,8.2,8.51,8.02,2023-02-22
WGMI,8.38,8.25,8.38,8.07,2023-02-23
WGMI,8.02,7.75,8.02,7.685,2023-02-24
WGMI,7.88,7.75,8.07,7.7308,2023-02-27
WGMI,7.75,7.78,8.0,7.71,2023-02-28
WGMI,7.77,7.57,7.86,7.47,2023-03-01
WGMI,7.42,7.56,7.61,7.33,2023-03-02
WGMI,7.32,7.54,7.58,7.32,2023-03-03
WGMI,7.5,7.4386,7.75,7.41,2023-03-06
WGMI,7.42,7.27,7.53,7.22,2023-03-07
WGMI,7.37,7.22,7.37,7.08,2023-03-08
WGMI,7.2,6.54,7.2,6.52,2023-03-09
WGMI,6.5,6.41,6.69,6.225,2023-03-10
WGMI,6.72,7.42,7.58,6.59,2023-03-13
WGMI,7.81,7.74,8.22,7.59,2023-03-14
WGMI,7.74,7.63,7.79,7.35,2023-03-15
WGMI,7.54,7.91,7.95,7.54,2023-03-16
WGMI,8.23,8.49,8.615,8.12,2023-03-17
WGMI,8.61,8.49,8.8899,8.37,2023-03-20
WGMI,8.7,9.32,9.37,8.56,2023-03-21
WGMI,9.4,8.43,9.6,8.41,2023-03-22
WGMI,8.55,9.16,9.35,8.55,2023-03-23
WGMI,9.07,8.67,9.07,8.54,2023-03-24
WGMI,8.73,8.18,8.73,8.06,2023-03-27
WGMI,8.14,8.21,8.21,7.95,2023-03-28
WGMI,8.56,8.83,8.88,8.521,2023-03-29
WGMI,9.0,8.86,9.01,8.7401,2023-03-30
WGMI,8.89,9.31,9.31,8.86,2023-03-31
WGMI,9.07,9.23,9.27,8.94,2023-04-03
WGMI,9.21,9.08,9.23,8.87,2023-04-04
WGMI,9.01,8.71,9.01,8.59,2023-04-05
WGMI,8.49,8.81,8.86,8.36,2023-04-06
WGMI,8.83,9.65,9.65,8.6,2023-04-10
WGMI,9.96,10.61,10.8199,9.885,2023-04-11
WGMI,10.67,10.3,10.83,10.16,2023-04-12
WGMI,10.63,11.584,11.7784,10.595,2023-04-13
WGMI,12.16,11.75,12.21,11.11,2023-04-14
WGMI,11.02,11.35,11.3916,10.743,2023-04-17
WGMI,11.64,11.93,12.29,11.64,2023-04-18
WGMI,11.5,11.1,11.5,11.02,2023-04-19
WGMI,10.82,10.15,11.0,10.14,2023-04-20
WGMI,10.37,10.0135,10.38,9.97,2023-04-21
WGMI,10.07,9.81,10.19,9.58,2023-04-24
WGMI,9.7,9.71,9.94,9.47,2023-04-25
WGMI,10.63,10.19,11.0,10.15,2023-04-26
WGMI,10.44,10.56,10.615,10.14,2023-04-27
WGMI,10.56,10.5,10.63,10.25,2023-04-28
WGMI,10.39,9.65,10.39,9.64,2023-05-01
WGMI,9.68,10.23,10.28,9.558,2023-05-02
WGMI,9.88,10.05,10.3,9.88,2023-05-03
WGMI,10.05,10.21,10.43,10.05,2023-05-04
WGMI,10.38,10.6891,10.7,10.15,2023-05-05
WGMI,10.48,10.0856,10.48,9.96,2023-05-08
WGMI,10.2,10.302,10.33,10.03,2023-05-09
WGMI,10.63,10.77,11.14,10.54,2023-05-10
WGMI,10.44,9.8,10.49,9.7501,2023-05-11
WGMI,9.7,9.69,9.819,9.51,2023-05-12
WGMI,10.11,10.21,10.21,9.84,2023-05-15
WGMI,10.08,10.15,10.25,10.01,2023-05-16
WGMI,10.01,10.62,10.69,9.94,2023-05-17
WGMI,10.582,10.46,10.92,10.285,2023-05-18
WGMI,10.55,10.45,10.63,10.34,2023-05-19
WGMI,10.45,10.83,10.83,10.37,2023-05-22
WGMI,10.99,10.58,11.25,10.51,2023-05-23
WGMI,10.42,10.45,10.56,10.07,2023-05-24
WGMI,10.6,10.27,10.82,10.12,2023-05-25
WGMI,10.4,10.42,10.75,10.34,2023-05-26
WGMI,10.83,11.08,11.32,10.83,2023-05-30
WGMI,10.8,11.04,11.04,10.56,2023-05-31
WGMI,11.06,11.1604,11.35,10.87,2023-06-01
WGMI,11.42,11.02,11.42,10.85,2023-06-02
WGMI,10.79,10.41,10.855,10.35,2023-06-05
WGMI,10.27,10.8,10.82,9.84,2023-06-06
WGMI,10.8,10.33,10.9,10.3,2023-06-07
WGMI,10.42,10.46,10.6299,10.33,2023-06-08
WGMI,10.55,10.17,10.55,10.13,2023-06-09
WGMI,10.1,10.34,10.36,10.07,2023-06-12
WGMI,10.62,10.55,10.73,10.36,2023-06-13
WGMI,10.54,10.63,10.8,10.47,2023-06-14
WGMI,10.22,10.4,10.48,10.075,2023-06-15
WGMI,10.55,10.98,11.1,10.33,2023-06-16
WGMI,11.2,12.05,12.09,10.91,2023-06-20
WGMI,12.56,12.55,12.98,12.36,2023-06-21
WGMI,12.6,12.52,12.77,12.0,2023-06-22
WGMI,12.37,12.98,13.5,12.28,2023-06-23
WGMI,12.97,12.15,13.25,12.0301,2023-06-26
WGMI,12.54,12.91,12.9999,12.3301,2023-06-27
WGMI,12.56,12.75,13.07,12.4,2023-06-28
WGMI,13.19,13.09,13.52,12.79,2023-06-29
WGMI,13.62,13.01,13.62,12.56,2023-06-30
WGMI,13.18,14.2965,14.4,13.18,2023-07-03
WGMI,13.98,14.57,14.81,13.76,2023-07-05
WGMI,14.57,14.44,14.6895,13.681,2023-07-06
WGMI,14.49,15.413,15.8892,14.46,2023-07-07
WGMI,15.46,16.625,16.66,15.03,2023-07-10
WGMI,16.72,16.57,16.8125,16.25,2023-07-11
WGMI,17.3,16.7,17.34,16.49,2023-07-12
WGMI,17.02,19.07,19.29,16.9899,2023-07-13
WGMI,18.94,17.8,19.38,17.411,2023-07-14
WGMI,17.89,17.32,18.59,17.072,2023-07-17
WGMI,17.01,16.76,17.13,16.5701,2023-07-18
WGMI,17.07,17.47,17.718,16.93,2023-07-19
WGMI,17.54,16.41,17.85,16.34,2023-07-20
WGMI,16.62,16.2753,16.65,15.62,2023-07-21
WGMI,15.6,15.66,16.01,15.38,2023-07-24
WGMI,15.68,15.79,16.5,15.68,2023-07-25
WGMI,15.74,16.15,16.2895,15.72,2023-07-26
WGMI,16.57,15.42,16.57,15.37,2023-07-27
WGMI,15.64,15.85,16.02,15.6,2023-07-28
WGMI,15.98,16.04,16.34,15.87,2023-07-31
WGMI,15.74,15.39,15.74,14.86,2023-08-01
WGMI,15.39,15.1,15.85,14.82,2023-08-02
WGMI,14.94,14.76,15.16,14.67,2023-08-03
WGMI,14.96,14.23,14.96,14.21,2023-08-04
WGMI,14.29,13.72,14.29,13.15,2023-08-07
WGMI,14.15,14.65,14.72,13.87,2023-08-08
WGMI,14.76,14.11,14.9437,14.08,2023-08-09
WGMI,14.17,13.78,14.72,13.78,2023-08-10
WGMI,13.59,14.26,14.46,13.59,2023-08-11
WGMI,14.24,14.03,14.2588,13.47,2023-08-14
WGMI,13.98,13.26,14.08,13.23,2023-08-15
WGMI,13.11,12.82,13.21,12.7,2023-08-16
WGMI,12.54,11.87,12.59,11.86,2023-08-17
WGMI,11.23,11.5,11.745,11.2,2023-08-18
WGMI,11.58,11.21,11.75,11.15,2023-08-21
WGMI,11.33,10.97,11.52,10.9301,2023-08-22
WGMI,11.11,11.81,11.89,10.95,2023-08-23
WGMI,12.0,10.88,12.0,10.85,2023-08-24
WGMI,10.91,10.76,11.17,10.51,2023-08-25
WGMI,11.02,10.835,11.11,10.78,2023-08-28
WGMI,10.87,12.56,12.8,10.8,2023-08-29
WGMI,12.29,12.425,12.53,12.07,2023-08-30
WGMI,12.53,11.73,12.57,11.65,2023-08-31
WGMI,11.86,11.14,11.86,11.1,2023-09-01
WGMI,11.22,11.05,11.22,10.9,2023-09-05
WGMI,11.02,11.0,11.37,10.86,2023-09-06
WGMI,10.85,11.02,11.06,10.49,2023-09-07
WGMI,11.01,10.74,11.01,10.57,2023-09-08
WGMI,10.75,10.07,10.75,10.05,2023-09-11
WGMI,10.52,10.37,11.07,10.3,2023-09-12
WGMI,10.33,10.22,10.5,10.11,2023-09-13
WGMI,10.56,10.72,10.95,10.37,2023-09-14
WGMI,10.66,10.45,10.66,10.34,2023-09-15
WGMI,10.9,10.57,11.06,10.53,2023-09-18
WGMI,10.69,10.3624,10.78,10.2,2023-09-19
WGMI,10.31,10.04,10.49,10.02,2023-09-20
WGMI,9.83,9.69,9.83,9.5913,2023-09-21
WGMI,9.82,9.35,9.85,9.33,2023-09-22
WGMI,9.24,9.25,9.3999,9.1,2023-09-25
WGMI,9.11,8.97,9.41,8.94,2023-09-26
WGMI,9.29,9.06,9.38,8.89,2023-09-27
WGMI,9.11,9.46,9.73,8.99,2023-09-28
WGMI,9.64,9.31,9.7,9.3,2023-09-29
WGMI,10.02,9.55,10.37,9.49,2023-10-02
WGMI,9.45,8.68,9.45,8.6,2023-10-03
WGMI,8.88,8.95,8.988,8.5001,2023-10-04
WGMI,8.98,8.82,9.1,8.695,2023-10-05
WGMI,8.62,9.33,9.37,8.55,2023-10-06
WGMI,9.01,9.14,9.33,8.97,2023-10-09
WGMI,9.04,9.26,9.59,9.04,2023-10-10
WGMI,9.37,8.94,9.39,8.7905,2023-10-11
WGMI,8.94,8.71,8.94,8.66,2023-10-12
WGMI,8.722,8.52,8.8,8.51,2023-10-13
WGMI,9.08,9.1,9.4785,8.69,2023-10-16
WGMI,8.87,9.38,9.46,8.81,2023-10-17
WGMI,9.3,8.74,9.41,8.7,2023-10-18
WGMI,8.94,8.65,8.95,8.6201,2023-10-19
WGMI,8.92,8.71,9.208,8.63,2023-10-20
WGMI,9.1,9.33,9.54,8.76,2023-10-23
WGMI,10.28,10.2,10.7,9.8,2023-10-24
WGMI,10.28,10.19,10.655,10.0,2023-10-25
WGMI,9.97,9.62,10.0698,9.42,2023-10-26
WGMI,9.67,9.46,9.87,9.3801,2023-10-27
WGMI,9.77,9.51,10.07,9.2601,2023-10-30
WGMI,9.42,9.51,9.51,9.0883,2023-10-31
WGMI,9.62,9.69,9.748,9.4,2023-11-01
WGMI,10.15,10.59,10.61,10.0,2023-11-02
WGMI,10.52,10.58,10.84,10.42,2023-11-03
WGMI,10.86,10.31,10.86,10.1489,2023-11-06
WGMI,10.31,10.34,10.37,9.86,2023-11-07
WGMI,10.34,9.76,10.34,9.66,2023-11-08
WGMI,10.5,9.55,10.6884,9.44,2023-11-09
WGMI,9.63,9.57,9.78,9.1832,2023-11-10
WGMI,9.4,9.19,9.4,9.03,2023-11-13
WGMI,9.27,9.22,9.44,8.91,2023-11-14
WGMI,9.36,9.8,9.98,9.26,2023-11-15
WGMI,9.61,9.2,9.61,9.0726,2023-11-16
WGMI,9.23,9.31,9.39,9.09,2023-11-17
WGMI,9.51,9.8,9.9166,9.38,2023-11-20
WGMI,9.6,9.53,9.72,9.34,2023-11-21
WGMI,9.46,9.89,9.91,9.245,2023-11-22
WGMI,9.97,10.37,10.4195,9.72,2023-11-24
WGMI,10.0,10.29,10.54,9.96,2023-11-27
WGMI,10.46,11.19,11.2,10.46,2023-11-28
WGMI,11.39,11.47,11.66,11.1501,2023-11-29
WGMI,11.5,11.18,11.57,11.12,2023-11-30
WGMI,11.32,12.6,12.6,11.16,2023-12-01
WGMI,13.96,13.43,14.03,12.8701,2023-12-04
WGMI,13.39,13.66,14.38,13.3252,2023-12-05
WGMI,14.09,13.44,14.09,13.2725,2023-12-06
WGMI,13.27,13.52,13.8,12.83,2023-12-07
WGMI,13.71,14.75,14.7699,13.62,2023-12-08
WGMI,13.94,12.75,13.94,12.6,2023-12-11
WGMI,13.08,13.0,13.26,12.77,2023-12-12
WGMI,13.07,14.36,14.36,12.7132,2023-12-13
WGMI,14.52,14.83,15.08,14.34,2023-12-14
WGMI,14.43,15.0,15.03,14.17,2023-12-15
WGMI,14.43,15.65,15.764,14.41,2023-12-18
WGMI,16.29,15.97,16.7899,15.33,2023-12-19
WGMI,16.8,16.03,17.35,15.97,2023-12-20
WGMI,16.94,17.78,17.8295,16.47,2023-12-21
WGMI,18.15,18.99,19.55,17.4298,2023-12-22
WGMI,18.92,19.81,19.87,18.55,2023-12-26
WGMI,20.68,22.27,22.48,20.68,2023-12-27
WGMI,21.27,20.99,21.69,20.42,2023-12-28
WGMI,21.59,18.0,21.6,17.45,2023-12-29
WGMI,20.26,17.49,20.26,17.2501,2024-01-02
WGMI,15.9,17.05,17.4946,15.55,2024-01-03
WGMI,17.5,17.91,18.3486,17.0256,2024-01-04
WGMI,17.76,16.85,17.76,16.37,2024-01-05
WGMI,17.21,17.75,18.1,15.81,2024-01-08
WGMI,17.65,17.29,17.97,17.168,2024-01-09
WGMI,16.79,17.29,18.26,16.335,2024-01-10
WGMI,18.79,15.745,19.1,15.25,2024-01-11
WGMI,15.38,13.98,15.4792,13.94,2024-01-12
WGMI,13.57,13.21,13.82,12.8,2024-01-16
WGMI,12.84,12.81,13.1299,12.61,2024-01-17
WGMI,12.95,11.88,13.27,11.86,2024-01-18
WGMI,11.96,12.08,12.13,11.1959,2024-01-19
WGMI,11.84,12.26,12.7,11.65,2024-01-22
WGMI,11.96,11.91,12.25,11.7,2024-01-23
WGMI,12.42,11.72,12.6596,11.66,2024-01-24
WGMI,11.94,12.22,12.2699,11.7,2024-01-25
WGMI,12.84,13.31,13.47,12.66,2024-01-26
WGMI,13.52,14.03,14.49,13.149,2024-01-29
WGMI,14.1,13.69,14.24,13.45,2024-01-30
WGMI,13.2,12.98,13.9756,12.95,2024-01-31
WGMI,13.0,13.18,13.42,12.56,2024-02-01
WGMI,13.1,12.92,13.39,12.7326,2024-02-02
WGMI,13.02,12.21,13.02,12.1728,2024-02-05
WGMI,12.23,12.76,12.8298,12.06,2024-02-06
WGMI,12.9,13.09,13.1664,12.3233,2024-02-07
WGMI,13.87,15.1,15.12,13.65,2024-02-08
WGMI,16.49,16.975,17.3183,15.96,2024-02-09
WGMI,17.14,18.8,19.15,17.14,2024-02-12
WGMI,17.1,17.92,18.35,16.582,2024-02-13
WGMI,20.11,20.2,20.5,19.29,2024-02-14
WGMI,20.9,19.27,21.0141,18.8,2024-02-15
WGMI,19.51,19.03,19.8488,18.34,2024-02-16
WGMI,19.19,18.12,19.49,17.07,2024-02-20
WGMI,17.14,17.03,17.73,16.93,2024-02-21
WGMI,17.67,17.89,18.29,17.1715,2024-02-22
WGMI,17.53,17.09,17.56,16.65,2024-02-23
WGMI,17.19,19.9,20.22,17.19,2024-02-26
WGMI,21.49,20.13,21.69,19.57,2024-02-27
WGMI,20.82,18.6,21.0937,18.3,2024-02-28
WGMI,19.37,17.04,19.37,16.65,2024-02-29
WGMI,17.3,17.98,18.08,16.35,2024-03-01
WGMI,18.62,17.0,18.8,16.55,2024-03-04
WGMI,16.5,15.58,17.2852,15.395,2024-03-05
WGMI,16.41,16.45,16.95,15.4363,2024-03-06
WGMI,16.3,16.58,16.73,15.83,2024-03-07
WGMI,16.7,17.57,18.5,16.7,2024-03-08
WGMI,18.3,15.79,18.3,15.7289,2024-03-11
WGMI,15.91,15.65,15.981,15.05,2024-03-12
WGMI,15.65,15.9,16.38,15.5077,2024-03-13
WGMI,15.6,14.81,15.6,14.43,2024-03-14
WGMI,14.37,15.78,15.9799,14.25,2024-03-15
WGMI,15.76,15.76,16.23,15.09,2024-03-18
WGMI,15.16,15.42,15.55,14.32,2024-03-19
WGMI,15.45,17.86,17.86,15.2501,2024-03-20
WGMI,18.07,17.83,18.35,17.435,2024-03-21
WGMI,17.35,17.1,17.35,16.64,2024-03-22
WGMI,17.5,18.53,18.9599,17.5,2024-03-25
WGMI,18.54,18.22,18.81,17.92,2024-03-26
WGMI,18.75,18.46,18.9,17.73,2024-03-27
WGMI,18.57,18.3,19.67,18.12,2024-03-28
WGMI,17.94,17.8,18.44,17.29,2024-04-01
WGMI,16.52,16.38,16.79,16.07,2024-04-02
WGMI,16.36,16.13,16.7225,16.07,2024-04-03
WGMI,16.68,15.98,17.15,15.92,2024-04-04
WGMI,15.83,15.71,16.19,15.49,2024-04-05
WGMI,16.63,15.64,16.92,15.35,2024-04-08
WGMI,15.6,15.17,15.6374,15.02,2024-04-09
WGMI,14.8,14.96,15.3756,14.65,2024-04-10
WGMI,14.98,15.03,15.04,14.41,2024-04-11
WGMI,14.77,14.05,14.91,13.91,2024-04-12
WGMI,14.13,13.35,14.28,13.32,2024-04-15
WGMI,13.25,13.14,13.3499,12.7601,2024-04-16
WGMI,13.32,13.28,13.66,12.93,2024-04-17
WGMI,13.62,13.99,14.45,13.0866,2024-04-18
WGMI,14.33,14.59,14.82,13.98,2024-04-19
WGMI,15.0,16.2,16.21,14.6246,2024-04-22
WGMI,16.15,16.92,17.11,15.882,2024-04-23
WGMI,16.88,16.38,17.3541,16.1701,2024-04-24
WGMI,15.59,16.35,16.38,15.3521,2024-04-25
WGMI,16.23,16.22,16.53,15.91,2024-04-26
WGMI,15.59,15.2,15.96,15.01,2024-04-29
WGMI,14.58,14.03,14.99,14.03,2024-04-30
WGMI,13.9,13.86,14.8,13.46,2024-05-01
WGMI,14.5,14.36,14.51,13.87,2024-05-02
WGMI,15.0,14.77,15.3713,14.6288,2024-05-03
WGMI,15.25,15.75,16.1,15.21,2024-05-06
WGMI,15.79,14.95,15.79,14.77,2024-05-07
WGMI,14.51,14.95,14.99,14.23,2024-05-08
WGMI,15.0,15.14,15.4699,14.74,2024-05-09
WGMI,15.53,14.2,15.566,14.2,2024-05-10
WGMI,14.86,14.31,14.99,14.26,2024-05-13
WGMI,14.09,14.37,14.64,14.01,2024-05-14
WGMI,14.98,15.55,15.619,14.43,2024-05-15
WGMI,15.4,15.42,15.9,15.33,2024-05-16
WGMI,15.62,15.32,16.15,15.27,2024-05-17
WGMI,15.45,16.71,16.83,15.1389,2024-05-20
WGMI,16.9,16.9,17.12,16.55,2024-05-21
WGMI,16.84,17.12,18.1,16.84,2024-05-22
WGMI,17.44,16.17,17.44,16.11,2024-05-23
WGMI,16.3,17.11,17.3778,16.1713,2024-05-24
WGMI,17.21,17.25,17.85,16.845,2024-05-28
WGMI,16.92,16.91,17.2296,16.74,2024-05-29
WGMI,17.04,16.62,17.42,16.5,2024-05-30
WGMI,16.89,16.45,17.05,16.0,2024-05-31
WGMI,17.12,16.59,17.68,16.45,2024-06-03
WGMI,17.13,18.03,18.4599,17.03,2024-06-04
WGMI,18.43,18.62,18.62,17.62,2024-06-05
WGMI,18.62,19.47,19.7652,18.49,2024-06-06
WGMI,19.43,18.92,20.459,18.7101,2024-06-07
WGMI,18.65,19.05,19.37,18.55,2024-06-10
WGMI,18.3,19.95,19.9675,17.79,2024-06-11
WGMI,20.62,21.4,21.88,20.62,2024-06-12
WGMI,21.67,22.43,22.99,21.2639,2024-06-13
WGMI,22.45,22.17,22.75,21.38,2024-06-14
WGMI,22.0,23.31,23.61,21.37,2024-06-17
WGMI,22.73,22.84,23.0266,22.14,2024-06-18
WGMI,23.26,23.31,24.17,22.8,2024-06-20
WGMI,22.34,21.63,22.4085,21.17,2024-06-21
WGMI,20.74,20.86,21.626,20.46,2024-06-24
WGMI,21.66,22.13,22.78,21.19,2024-06-25
WGMI,21.89,21.73,23.09,21.59,2024-06-26
WGMI,22.105,21.57,22.62,21.27,2024-06-27
WGMI,21.81,21.17,21.815,20.95,2024-06-28
WGMI,21.63,23.09,23.24,21.61,2024-07-01
WGMI,22.82,23.26,23.468,22.7,2024-07-02
WGMI,22.61,23.26,23.56,22.61,2024-07-03
WGMI,21.72,23.74,23.77,21.63,2024-07-05
WGMI,24.32,23.68,24.71,23.3744,2024-07-08
WGMI,24.14,22.07,24.14,21.95,2024-07-09
WGMI,22.7,21.98,22.7,21.8311,2024-07-10
NVDA,14.851,14.315,14.996,14.096,2023-01-03
NVDA,14.567,14.749,14.853,14.241,2023-01-04
NVDA,14.491,14.265,14.564,14.148,2023-01-05
NVDA,14.474,14.859,15.01,14.034,2023-01-06
NVDA,15.284,15.628,16.056,15.141,2023-01-09
NVDA,15.507,15.909,15.962,15.472,2023-01-10
NVDA,15.8395,16.001,16.028,15.563,2023-01-11
NVDA,16.1,16.511,16.637,15.492,2023-01-12
NVDA,16.278,16.899,16.922,16.165,2023-01-13
NVDA,16.899,17.702,17.728,16.899,2023-01-17
NVDA,17.667,17.377,17.873,17.282,2023-01-18
NVDA,17.036,16.765,17.197,16.731,2023-01-19
NVDA,17.011,17.839,17.856,16.825,2023-01-20
NVDA,18.064,19.193,19.245,17.8175,2023-01-23
NVDA,18.827,19.265,19.495,18.82,2023-01-24
NVDA,18.9125,19.323,19.37,18.58,2023-01-25
NVDA,19.701,19.802,20.166,19.278,2023-01-26
NVDA,19.462,20.365,20.628,19.405,2023-01-27
NVDA,19.95,19.162,20.14,19.15,2023-01-30
NVDA,19.1695,19.537,19.687,18.95,2023-01-31
NVDA,19.691,20.943,21.192,19.611,2023-02-01
NVDA,21.0,21.709,21.949,20.7,2023-02-02
NVDA,21.0,21.1,21.745,20.789,2023-02-03
NVDA,20.806,21.089,21.57,20.786,2023-02-06
NVDA,21.382,22.173,22.259,21.15,2023-02-07
NVDA,22.387,22.205,22.878,22.008,2023-02-08
NVDA,22.606,22.337,23.02,22.12,2023-02-09
NVDA,21.69,21.265,22.0776,20.811,2023-02-10
NVDA,21.538,21.788,22.048,20.962,2023-02-13
NVDA,21.578,22.971,23.0488,21.366,2023-02-14
NVDA,22.549,22.764,22.855,22.106,2023-02-15
NVDA,22.133,22.002,22.55,21.9268,2023-02-16
NVDA,21.631,21.388,21.74,20.975,2023-02-17
NVDA,21.0,20.655,21.4938,20.618,2023-02-21
NVDA,20.707,20.754,21.104,20.421,2023-02-22
NVDA,23.44,23.664,23.888,23.025,2023-02-23
NVDA,23.225,23.286,23.474,22.947,2023-02-24
NVDA,23.67,23.501,23.8799,23.454,2023-02-27
NVDA,23.372,23.216,23.825,23.206,2023-02-28
NVDA,23.192,22.698,23.2556,22.508,2023-03-01
NVDA,22.488,23.314,23.3804,22.432,2023-03-02
NVDA,23.32,23.89,23.9,23.13,2023-03-03
NVDA,23.891,23.554,24.248,23.487,2023-03-06
NVDA,23.6,23.288,24.125,23.241,2023-03-07
NVDA,23.487,24.181,24.2,23.4235,2023-03-08
NVDA,24.175,23.436,24.454,23.3828,2023-03-09
NVDA,23.409,22.965,23.627,22.726,2023-03-10
NVDA,22.752,22.966,23.298,22.297,2023-03-13
NVDA,23.496,24.063,24.219,23.46,2023-03-14
NVDA,23.761,24.228,24.286,23.36,2023-03-15
NVDA,24.027,25.541,25.588,23.894,2023-03-16
NVDA,25.982,25.725,26.399,25.668,2023-03-17
NVDA,25.615,25.9,26.024,25.1298,2023-03-20
NVDA,26.18,26.199,26.392,25.381,2023-03-21
NVDA,26.425,26.468,27.589,26.237,2023-03-22
NVDA,27.1155,27.191,27.499,26.69,2023-03-23
NVDA,27.031,26.779,27.167,26.355,2023-03-24
NVDA,26.837,26.531,27.0,26.365,2023-03-27
NVDA,26.447,26.41,26.513,25.85,2023-03-28
NVDA,26.825,26.984,27.078,26.597,2023-03-29
NVDA,27.229,27.383,27.499,27.102,2023-03-30
NVDA,27.14,27.777,27.8343,27.105,2023-03-31
NVDA,27.509,27.965,28.0,27.336,2023-04-03
NVDA,27.966,27.453,28.0,27.307,2023-04-04
NVDA,26.829,26.881,26.998,26.395,2023-04-05
NVDA,26.584,27.037,27.08,26.427,2023-04-06
NVDA,26.823,27.579,27.621,26.669,2023-04-10
NVDA,27.7235,27.169,27.79,27.126,2023-04-11
NVDA,27.37,26.495,27.468,26.4475,2023-04-12
NVDA,26.734,26.463,26.8869,26.329,2023-04-13
NVDA,26.504,26.758,26.883,26.22,2023-04-14
NVDA,26.5655,27.002,27.006,26.4332,2023-04-17
NVDA,27.5335,27.667,28.11,27.357,2023-04-18
NVDA,27.361,27.931,28.0,27.232,2023-04-19
NVDA,27.671,27.104,28.03,27.0,2023-04-20
NVDA,26.952,27.119,27.183,26.722,2023-04-21
NVDA,27.013,27.042,27.366,26.671,2023-04-24
NVDA,27.078,26.241,27.247,26.225,2023-04-25
NVDA,27.002,26.956,27.33,26.7051,2023-04-26
NVDA,27.363,27.226,27.495,26.625,2023-04-27
NVDA,27.225,27.749,27.758,27.0715,2023-04-28
NVDA,27.84,28.91,29.0584,27.78,2023-05-01
NVDA,28.68,28.21,28.836,28.083,2023-05-02
NVDA,27.84,27.802,28.367,27.472,2023-05-03
NVDA,27.651,27.562,27.859,27.24,2023-05-04
NVDA,27.8255,28.68,28.755,27.731,2023-05-05
NVDA,28.522,29.151,29.22,28.35,2023-05-08
NVDA,28.899,28.571,28.973,28.45,2023-05-09
NVDA,29.005,28.885,29.113,28.4613,2023-05-10
NVDA,28.896,28.578,28.95,28.246,2023-05-11
NVDA,28.529,28.34,28.78,28.046,2023-05-12
NVDA,28.5085,28.953,28.969,28.152,2023-05-15
NVDA,28.841,29.213,29.87,28.832,2023-05-16
NVDA,29.584,30.178,30.199,29.43,2023-05-17
NVDA,30.41,31.678,31.828,30.32,2023-05-18
NVDA,31.536,31.264,31.58,30.916,2023-05-19
NVDA,30.901,31.176,31.52,30.68,2023-05-22
NVDA,31.0,30.688,31.288,30.631,2023-05-23
NVDA,30.21,30.538,30.607,29.806,2023-05-24
NVDA,38.523,37.98,39.48,36.635,2023-05-25
NVDA,37.89,38.946,39.17,37.55,2023-05-26
NVDA,40.595,40.111,41.938,39.949,2023-05-30
NVDA,39.488,37.834,40.295,37.822,2023-05-31
NVDA,38.489,39.77,40.05,38.34,2023-06-01
NVDA,40.097,39.327,40.5,39.058,2023-06-02
NVDA,38.909,39.171,39.565,38.707,2023-06-05
NVDA,38.83,38.654,39.16,38.148,2023-06-06
NVDA,38.915,37.475,39.499,37.356,2023-06-07
NVDA,37.724,38.51,38.864,37.505,2023-06-08
NVDA,39.037,38.77,39.711,38.567,2023-06-09
NVDA,39.2,39.482,39.53,38.618,2023-06-12
NVDA,40.186,41.022,41.101,39.74,2023-06-13
NVDA,40.824,42.997,43.0,40.552,2023-06-14
NVDA,42.602,42.653,43.289,42.147,2023-06-15
NVDA,43.45,42.692,43.721,42.6605,2023-06-16
NVDA,42.998,43.808,43.99,42.674,2023-06-20
NVDA,43.501,43.045,43.615,42.08,2023-06-21
NVDA,42.253,43.025,43.4255,42.234,2023-06-22
NVDA,42.464,42.209,42.809,42.015,2023-06-23
NVDA,42.461,40.632,42.764,40.1,2023-06-26
NVDA,40.799,41.876,41.94,40.448,2023-06-27
NVDA,40.66,41.117,41.845,40.518,2023-06-28
NVDA,41.558,40.822,41.6,40.6,2023-06-29
NVDA,41.68,42.302,42.55,41.501,2023-06-30
NVDA,42.517,42.413,42.898,42.202,2023-07-03
NVDA,42.135,42.317,43.177,42.085,2023-07-05
NVDA,41.844,42.103,42.179,41.346,2023-07-06
NVDA,42.322,42.503,43.214,42.18,2023-07-07
NVDA,42.657,42.18,42.811,41.649,2023-07-10
NVDA,42.481,42.405,42.758,42.067,2023-07-11
NVDA,43.033,43.902,43.935,42.7773,2023-07-12
NVDA,44.518,45.977,46.155,44.492,2023-07-13
NVDA,46.5828,45.469,48.088,45.06,2023-07-14
NVDA,46.289,46.461,46.496,45.2624,2023-07-17
NVDA,46.701,47.494,47.896,45.734,2023-07-18
NVDA,47.464,47.077,47.818,46.742,2023-07-19
NVDA,46.507,45.52,47.087,45.062,2023-07-20
NVDA,45.788,44.309,45.866,44.1,2023-07-21
NVDA,44.731,44.612,45.109,44.04,2023-07-24
NVDA,44.941,45.679,46.1825,44.923,2023-07-25
NVDA,46.021,45.452,46.053,44.63,2023-07-26
NVDA,46.519,45.9,47.395,45.75,2023-07-27
NVDA,46.668,46.75,47.027,46.381,2023-07-28
NVDA,46.754,46.729,47.13,46.506,2023-07-31
NVDA,46.4595,46.507,46.9,46.027,2023-08-01
NVDA,45.831,44.269,45.84,43.387,2023-08-02
NVDA,43.8,44.515,45.118,43.8,2023-08-03
NVDA,44.985,44.68,45.642,44.393,2023-08-04
NVDA,45.111,45.4165,45.54,44.5635,2023-08-07
NVDA,44.853,44.664,45.242,44.056,2023-08-08
NVDA,44.274,42.554,44.312,42.134,2023-08-09
NVDA,42.16,42.388,43.574,41.835,2023-08-10
NVDA,41.751,40.855,42.018,40.639,2023-08-11
NVDA,40.486,43.753,43.8,40.311,2023-08-14
NVDA,44.56,43.94,45.268,43.71,2023-08-15
NVDA,44.52,43.486,44.675,43.406,2023-08-16
NVDA,43.97,43.3435,44.062,43.001,2023-08-17
NVDA,42.635,43.299,43.578,41.66,2023-08-18
NVDA,44.494,46.967,47.065,44.222,2023-08-21
NVDA,48.135,45.668,48.187,45.3331,2023-08-22
NVDA,45.866,47.116,47.2,45.208,2023-08-23
NVDA,50.216,47.163,50.266,47.159,2023-08-24
NVDA,47.012,46.018,47.805,45.024,2023-08-25
NVDA,46.482,46.835,46.98,44.888,2023-08-28
NVDA,46.666,48.784,49.081,46.391,2023-08-29
NVDA,49.044,49.264,49.927,48.425,2023-08-30
NVDA,49.38,49.355,49.744,48.958,2023-08-31
NVDA,49.762,48.509,49.8,48.1416,2023-09-01
NVDA,48.223,48.548,48.8508,47.86,2023-09-05
NVDA,48.441,47.061,48.549,46.58,2023-09-06
NVDA,45.525,46.241,46.344,45.152,2023-09-07
NVDA,45.942,45.572,46.606,45.271,2023-09-08
NVDA,46.148,45.178,46.163,44.312,2023-09-11
NVDA,44.738,44.87,45.673,44.531,2023-09-12
NVDA,44.6,45.485,45.93,44.503,2023-09-13
NVDA,45.95,45.581,45.987,45.131,2023-09-14
NVDA,45.341,43.9,45.599,43.808,2023-09-15
NVDA,42.748,43.966,44.242,42.0,2023-09-18
NVDA,43.833,43.52,43.966,43.002,2023-09-19
NVDA,43.6,42.239,43.903,42.223,2023-09-20
NVDA,41.583,41.017,42.1,40.98,2023-09-21
NVDA,41.572,41.61,42.115,41.231,2023-09-22
NVDA,41.591,42.222,42.536,41.177,2023-09-25
NVDA,42.001,41.911,42.82,41.655,2023-09-26
NVDA,42.33,42.468,42.872,41.629,2023-09-27
NVDA,42.46,43.089,43.4463,42.115,2023-09-28
NVDA,43.827,43.499,44.144,43.3069,2023-09-29
NVDA,44.03,44.782,45.175,43.861,2023-10-02
NVDA,44.808,43.517,45.13,43.246,2023-10-03
NVDA,43.742,44.041,44.143,43.292,2023-10-04
NVDA,44.05,44.688,44.9,43.888,2023-10-05
NVDA,44.193,45.762,45.789,44.026,2023-10-06
NVDA,44.842,45.273,45.605,44.368,2023-10-09
NVDA,45.31,45.798,46.259,45.088,2023-10-10
NVDA,46.196,46.806,46.859,46.05,2023-10-11
NVDA,46.777,46.945,47.609,46.33,2023-10-12
NVDA,46.96,45.461,47.116,45.28,2023-10-13
NVDA,45.063,46.095,46.225,44.912,2023-10-16
NVDA,44.0,43.938,44.754,42.48,2023-10-17
NVDA,42.591,42.196,43.219,41.825,2023-10-18
NVDA,42.811,42.101,43.297,41.882,2023-10-19
NVDA,41.89,41.387,42.47,41.078,2023-10-20
NVDA,41.229,42.975,43.248,40.945,2023-10-23
NVDA,43.077,43.663,43.697,42.691,2023-10-24
NVDA,43.398,41.779,43.65,41.555,2023-10-25
NVDA,41.853,40.326,42.2556,39.8802,2023-10-26
NVDA,41.13,40.5,41.206,40.015,2023-10-27
NVDA,41.087,41.161,42.282,40.481,2023-10-30
NVDA,40.45,40.78,40.879,39.23,2023-10-31
NVDA,40.884,42.325,42.381,40.869,2023-11-01
NVDA,43.328,43.506,43.884,42.894,2023-11-02
NVDA,44.02,45.005,45.309,43.723,2023-11-03
NVDA,45.2845,45.751,45.935,44.899,2023-11-06
NVDA,45.719,45.955,46.218,45.1575,2023-11-07
NVDA,46.1,46.574,46.867,45.968,2023-11-08
NVDA,47.467,46.95,48.23,46.75,2023-11-09
NVDA,47.5,48.335,48.472,47.283,2023-11-10
NVDA,48.32,48.62,49.116,48.099,2023-11-13
NVDA,49.68,49.656,49.834,49.04,2023-11-14
NVDA,49.935,48.888,49.96,48.2,2023-11-15
NVDA,48.679,49.48,49.5247,48.33,2023-11-16
NVDA,49.524,49.298,49.717,49.007,2023-11-17
NVDA,49.312,50.409,50.548,49.181,2023-11-20
NVDA,50.126,49.944,50.517,49.222,2023-11-21
NVDA,49.852,48.716,50.3349,47.69,2023-11-22
NVDA,48.47,47.776,48.921,47.745,2023-11-24
NVDA,47.8,48.242,48.53,47.652,2023-11-27
NVDA,48.236,47.821,48.3229,47.473,2023-11-28
NVDA,48.379,48.14,48.762,47.86,2023-11-29
NVDA,48.024,46.77,48.11,46.422,2023-11-30
NVDA,46.525,46.765,47.2,46.187,2023-12-01
NVDA,46.077,45.51,46.077,45.01,2023-12-04
NVDA,45.466,46.566,46.6,45.271,2023-12-05
NVDA,47.2145,45.503,47.387,45.412,2023-12-06
NVDA,45.7,46.596,46.629,45.604,2023-12-07
NVDA,46.595,47.506,47.7409,46.55,2023-12-08
NVDA,47.491,46.627,47.531,45.83,2023-12-11
NVDA,46.046,47.657,47.666,46.046,2023-12-12
NVDA,47.629,48.088,48.594,47.608,2023-12-13
NVDA,48.39,48.35,48.67,47.422,2023-12-14
NVDA,48.194,48.89,49.404,48.12,2023-12-15
NVDA,49.4,50.077,50.433,49.15,2023-12-18
NVDA,49.424,49.604,49.7,48.895,2023-12-19
NVDA,49.655,48.111,49.999,48.098,2023-12-20
NVDA,48.811,48.99,49.095,48.419,2023-12-21
NVDA,49.195,48.83,49.383,48.467,2023-12-22
NVDA,48.968,49.279,49.6,48.96,2023-12-26
NVDA,49.511,49.417,49.68,49.085,2023-12-27
NVDA,49.643,49.522,49.884,49.412,2023-12-28
NVDA,49.813,49.522,49.997,48.751,2023-12-29
NVDA,49.244,48.168,49.295,47.595,2024-01-02
NVDA,47.485,47.569,48.1841,47.32,2024-01-03
NVDA,47.767,47.998,48.5,47.508,2024-01-04
NVDA,48.462,49.097,49.547,48.306,2024-01-05
NVDA,49.512,52.253,52.275,49.479,2024-01-08
NVDA,52.401,53.14,54.325,51.69,2024-01-09
NVDA,53.616,54.35,54.6,53.489,2024-01-10
NVDA,54.999,54.822,55.346,53.56,2024-01-11
NVDA,54.62,54.71,54.97,54.3301,2024-01-12
NVDA,55.018,56.382,56.835,54.9,2024-01-16
NVDA,56.347,56.053,56.4707,54.74,2024-01-17
NVDA,57.26,57.107,57.6,56.107,2024-01-18
NVDA,57.989,59.491,59.5,57.225,2024-01-19
NVDA,60.049,59.654,60.331,59.07,2024-01-22
NVDA,59.57,59.873,59.91,58.585,2024-01-23
NVDA,60.304,61.362,62.849,59.938,2024-01-24
NVDA,62.35,61.617,62.719,60.85,2024-01-25
NVDA,60.96,61.031,61.783,60.573,2024-01-26
NVDA,61.232,62.465,62.489,60.907,2024-01-29
NVDA,62.9,62.774,63.493,62.26,2024-01-30
NVDA,61.44,61.527,62.269,60.7,2024-01-31
NVDA,62.1,63.027,63.191,61.65,2024-02-01
NVDA,63.974,66.16,66.6,63.69,2024-02-02
NVDA,68.225,69.332,69.497,67.205,2024-02-05
NVDA,69.63,68.223,69.754,66.3,2024-02-06
NVDA,68.319,70.099,70.22,67.6,2024-02-07
NVDA,70.074,69.641,70.794,69.455,2024-02-08
NVDA,70.533,72.133,72.185,70.212,2024-02-09
NVDA,72.6,72.248,74.611,71.25,2024-02-12
NVDA,70.4,72.128,73.45,69.62,2024-02-13
NVDA,73.202,73.9,74.236,71.938,2024-02-14
NVDA,73.869,72.658,73.975,72.4,2024-02-15
NVDA,74.1,72.613,74.402,72.501,2024-02-16
NVDA,71.947,69.452,71.956,67.734,2024-02-20
NVDA,68.006,67.472,68.888,66.248,2024-02-21
NVDA,75.025,78.538,78.575,74.22,2024-02-22
NVDA,80.79,78.817,82.394,77.57,2024-02-23
NVDA,79.7,79.092,80.646,78.505,2024-02-26
NVDA,79.381,78.701,79.48,77.162,2024-02-27
NVDA,77.62,77.663,78.933,77.125,2024-02-28
NVDA,79.094,79.112,79.99,78.35,2024-02-29
NVDA,80.0,82.279,82.3,79.435,2024-03-01
NVDA,84.13,85.237,87.695,83.719,2024-03-04
NVDA,85.27,85.964,86.097,83.417,2024-03-05
NVDA,88.022,88.7,89.724,87.03,2024-03-06
NVDA,90.158,92.669,92.767,89.602,2024-03-07
NVDA,95.1379,87.528,97.4,86.506,2024-03-08
NVDA,86.429,85.774,88.797,84.166,2024-03-11
NVDA,88.049,91.913,91.96,86.1501,2024-03-12
NVDA,91.055,90.888,91.504,88.435,2024-03-13
NVDA,89.577,87.944,90.646,86.6,2024-03-14
NVDA,86.93,87.8365,89.546,86.257,2024-03-15
NVDA,90.388,88.455,92.405,87.085,2024-03-18
NVDA,86.7,89.398,90.544,85.01,2024-03-19
NVDA,89.797,90.372,90.41,88.223,2024-03-20
NVDA,92.3,91.435,92.648,90.405,2024-03-21
NVDA,91.141,94.289,94.778,90.834,2024-03-22
NVDA,93.941,95.002,96.766,93.51,2024-03-25
NVDA,95.851,92.561,96.375,92.502,2024-03-26
NVDA,93.112,90.25,93.24,89.123,2024-03-27
NVDA,90.0,90.356,91.3,89.193,2024-03-28
NVDA,90.299,90.363,92.225,89.204,2024-04-01
NVDA,88.448,89.452,90.094,87.62,2024-04-02
NVDA,88.484,88.964,90.374,88.4,2024-04-03
NVDA,90.406,85.905,90.634,85.88,2024-04-04
NVDA,86.866,88.008,88.481,85.926,2024-04-05
NVDA,88.7,87.133,88.83,86.732,2024-04-08
NVDA,87.442,85.354,87.635,83.022,2024-04-09
NVDA,83.926,87.039,87.4,83.709,2024-04-10
NVDA,87.42,90.616,90.739,86.926,2024-04-11
NVDA,89.699,88.186,90.175,87.53,2024-04-12
NVDA,89.098,86.001,90.613,85.929,2024-04-15
NVDA,86.4325,87.415,88.118,86.0639,2024-04-16
NVDA,88.34,84.035,88.775,83.95,2024-04-17
NVDA,84.97,84.671,86.19,82.402,2024-04-18
NVDA,83.15,76.2,84.324,75.606,2024-04-19
NVDA,78.104,79.518,80.073,76.4,2024-04-22
NVDA,80.769,82.423,82.769,80.264,2024-04-23
NVDA,83.95,79.677,84.082,79.183,2024-04-24
NVDA,78.868,82.632,83.323,78.223,2024-04-25
NVDA,83.818,87.735,88.3309,83.387,2024-04-26
NVDA,87.595,87.757,87.992,85.266,2024-04-29
NVDA,87.24,86.402,88.819,86.3,2024-04-30
NVDA,85.077,83.041,86.0,81.2546,2024-05-01
NVDA,84.449,85.817,86.237,83.2,2024-05-02
NVDA,87.789,88.789,89.281,87.04,2024-05-03
NVDA,89.39,92.14,92.22,89.055,2024-05-06
NVDA,91.098,90.554,91.781,89.011,2024-05-07
NVDA,89.4825,90.412,91.194,89.42,2024-05-08
NVDA,90.529,88.747,91.072,88.231,2024-05-09
NVDA,90.3045,89.878,91.401,89.227,2024-05-10
NVDA,90.478,90.399,90.998,88.529,2024-05-13
NVDA,89.599,91.356,91.651,88.934,2024-05-14
NVDA,92.472,94.63,94.862,91.599,2024-05-15
NVDA,94.91,94.359,95.819,94.103,2024-05-16
NVDA,94.369,92.479,94.74,91.806,2024-05-17
NVDA,93.75,94.78,95.2,93.44,2024-05-20
NVDA,93.599,95.386,95.4,93.18,2024-05-21
NVDA,95.459,94.95,96.02,93.249,2024-05-22
NVDA,102.028,103.799,106.32,101.52,2024-05-23
NVDA,104.449,106.469,106.475,103.0,2024-05-24
NVDA,110.244,113.901,114.939,109.883,2024-05-28
NVDA,113.05,114.825,115.492,110.901,2024-05-29
NVDA,114.65,110.5,115.8192,109.663,2024-05-30
NVDA,112.52,109.633,112.717,106.94,2024-05-31
NVDA,113.621,115.0,115.0,112.003,2024-06-03
NVDA,115.716,116.437,116.6,114.045,2024-06-04
NVDA,118.371,122.44,122.4495,117.468,2024-06-05
NVDA,124.048,120.998,125.587,118.32,2024-06-06
NVDA,119.77,120.888,121.6917,118.022,2024-06-07
NVDA,120.37,121.79,123.1,117.01,2024-06-10
NVDA,121.77,120.91,122.87,118.74,2024-06-11
NVDA,123.06,125.2,126.88,122.57,2024-06-12
NVDA,129.39,129.61,129.8,127.16,2024-06-13
NVDA,129.96,131.88,132.84,128.32,2024-06-14
NVDA,132.99,130.98,133.73,129.58,2024-06-17
NVDA,131.14,135.58,136.33,130.69,2024-06-18
NVDA,139.8,130.78,140.76,129.52,2024-06-20
NVDA,127.12,126.57,130.63,124.3,2024-06-21
NVDA,123.24,118.11,124.46,118.04,2024-06-24
NVDA,121.2,126.09,126.5,119.32,2024-06-25
NVDA,126.13,126.4,128.12,122.6,2024-06-26
NVDA,124.1,123.99,126.41,122.92,2024-06-27
NVDA,124.58,123.54,127.71,122.75,2024-06-28
NVDA,123.47,124.3,124.84,118.83,2024-07-01
NVDA,121.13,122.67,123.41,121.03,2024-07-02
NVDA,121.66,128.28,128.28,121.36,2024-07-03
NVDA,127.38,125.83,128.85,125.68,2024-07-05
NVDA,127.49,128.2,130.77,127.04,2024-07-08
NVDA,130.35,131.38,133.82,128.65,2024-07-09
NVDA,134.03,134.91,135.1,132.42,2024-07-10
C:EURUSD,1.06849,1.0793,1.0793,1.06788,2023-01-01
C:EURUSD,1.07027,1.06764,1.071,1.0645,2023-01-02
C:EURUSD,1.06765,1.0545,1.0681,1.0518,2023-01-03
C:EURUSD,1.05453,1.0605,1.06353,1.0544,2023-01-04
C:EURUSD,1.06056,1.05211,1.0632,1.05138,2023-01-05
C:EURUSD,1.05209,1.0661,1.0662,1.04829,2023-01-06
C:EURUSD,1.0644,1.0662,1.0662,1.0644,2023-01-07
C:EURUSD,1.06408,1.06626,1.06627,1.06307,2023-01-08
C:EURUSD,1.06624,1.07325,1.0761,1.065,2023-01-09
C:EURUSD,1.07325,1.07383,1.07593,1.071,2023-01-10
C:EURUSD,1.07382,1.07655,1.07763,1.0724,2023-01-11
C:EURUSD,1.07656,1.08598,1.0867,1.07296,2023-01-12
C:EURUSD,1.08597,1.0845,1.08682,1.07799,2023-01-13
C:EURUSD,1.0847,1.0842,1.0847,1.0842,2023-01-14
C:EURUSD,1.08278,1.08223,1.08349,1.08161,2023-01-15
C:EURUSD,1.08225,1.08294,1.08741,1.08,2023-01-16
C:EURUSD,1.083,1.07893,1.08693,1.0773,2023-01-17
C:EURUSD,1.07894,1.07972,1.08874,1.0766,2023-01-18
C:EURUSD,1.07979,1.0832,1.084,1.0781,2023-01-19
C:EURUSD,1.08335,1.0875,1.0876,1.0801,2023-01-20
C:EURUSD,1.0876,1.0876,1.0876,1.0876,2023-01-21
C:EURUSD,1.0843,1.08639,1.08728,1.0843,2023-01-22
C:EURUSD,1.0864,1.08713,1.09266,1.0845,2023-01-23
C:EURUSD,1.08711,1.08897,1.08982,1.0835,2023-01-24
C:EURUSD,1.08896,1.09205,1.09235,1.0856,2023-01-25
C:EURUSD,1.09206,1.0892,1.09296,1.085,2023-01-26
C:EURUSD,1.08931,1.087,1.09001,1.0837,2023-01-27
C:EURUSD,1.0872,1.0871,1.0872,1.0871,2023-01-28
C:EURUSD,1.0862,1.08715,1.08725,1.08616,2023-01-29
C:EURUSD,1.08716,1.0849,1.0914,1.0838,2023-01-30
C:EURUSD,1.08501,1.08603,1.0875,1.0801,2023-01-31
C:EURUSD,1.08602,1.10127,1.10327,1.0851,2023-02-01
C:EURUSD,1.10128,1.09044,1.10272,1.08854,2023-02-02
C:EURUSD,1.09043,1.0825,1.09401,1.07892,2023-02-03
C:EURUSD,1.0827,1.0822,1.0827,1.0822,2023-02-04
C:EURUSD,1.07844,1.07891,1.07979,1.07801,2023-02-05
C:EURUSD,1.0789,1.0729,1.0799,1.0708,2023-02-06
C:EURUSD,1.07291,1.07301,1.07666,1.0668,2023-02-07
C:EURUSD,1.07306,1.07154,1.07608,1.07051,2023-02-08
C:EURUSD,1.07153,1.07389,1.0791,1.0708,2023-02-09
C:EURUSD,1.07395,1.0699,1.07531,1.0665,2023-02-10
C:EURUSD,1.0701,1.0696,1.0701,1.0696,2023-02-11
C:EURUSD,1.06657,1.07307,1.0733,1.0661,2023-02-13
C:EURUSD,1.07306,1.0735,1.0805,1.07062,2023-02-14
C:EURUSD,1.07351,1.06912,1.07444,1.066,2023-02-15
C:EURUSD,1.0691,1.06654,1.07224,1.0653,2023-02-16
C:EURUSD,1.06652,1.0718,1.0722,1.0612,2023-02-17
C:EURUSD,1.072,1.0715,1.072,1.0715,2023-02-18
C:EURUSD,1.06798,1.06838,1.06932,1.06798,2023-02-19
C:EURUSD,1.06839,1.06819,1.07047,1.0669,2023-02-20
C:EURUSD,1.06822,1.06515,1.0698,1.0636,2023-02-21
C:EURUSD,1.06514,1.06051,1.06641,1.0598,2023-02-22
C:EURUSD,1.06054,1.05972,1.0628,1.0576,2023-02-23
C:EURUSD,1.05973,1.0583,1.06144,1.0534,2023-02-24
C:EURUSD,1.0584,1.0571,1.0584,1.0571,2023-02-25
C:EURUSD,1.05397,1.05531,1.05549,1.05397,2023-02-26
C:EURUSD,1.05531,1.06093,1.06197,1.0531,2023-02-27
C:EURUSD,1.06093,1.05766,1.0645,1.0569,2023-02-28
C:EURUSD,1.05765,1.06688,1.0692,1.0564,2023-03-01
C:EURUSD,1.06684,1.05985,1.0673,1.0575,2023-03-02
C:EURUSD,1.0598,1.0648,1.0649,1.05879,2023-03-03
C:EURUSD,1.0649,1.0649,1.0649,1.0649,2023-03-04
C:EURUSD,1.06146,1.06254,1.06288,1.06123,2023-03-05
C:EURUSD,1.06255,1.0686,1.06946,1.0621,2023-03-06
C:EURUSD,1.06854,1.05481,1.0695,1.0544,2023-03-07
C:EURUSD,1.05482,1.05486,1.05742,1.0523,2023-03-08
C:EURUSD,1.0549,1.05859,1.05911,1.0537,2023-03-09
C:EURUSD,1.05854,1.0655,1.07004,1.0573,2023-03-10
C:EURUSD,1.064,1.0645,1.0655,1.064,2023-03-11
C:EURUSD,1.06394,1.0681,1.07033,1.06376,2023-03-12
C:EURUSD,1.06814,1.07226,1.0749,1.065,2023-03-13
C:EURUSD,1.07224,1.07266,1.07497,1.0677,2023-03-14
C:EURUSD,1.07268,1.05814,1.076,1.0516,2023-03-15
C:EURUSD,1.05814,1.06132,1.06355,1.055,2023-03-16
C:EURUSD,1.06134,1.0778,1.0781,1.061,2023-03-17
C:EURUSD,1.0779,1.0774,1.0779,1.0774,2023-03-18
C:EURUSD,1.06841,1.06804,1.07061,1.06657,2023-03-19
C:EURUSD,1.06804,1.07183,1.0731,1.06312,2023-03-20
C:EURUSD,1.07184,1.07723,1.07886,1.0702,2023-03-21
C:EURUSD,1.07723,1.08687,1.09124,1.0757,2023-03-22
C:EURUSD,1.0868,1.08343,1.09297,1.082,2023-03-23
C:EURUSD,1.08342,1.0779,1.08371,1.0713,2023-03-24
C:EURUSD,1.0781,1.0781,1.0781,1.0781,2023-03-25
C:EURUSD,1.07609,1.07775,1.078,1.07585,2023-03-26
C:EURUSD,1.07772,1.08064,1.0808,1.0743,2023-03-27
C:EURUSD,1.08063,1.08385,1.0849,1.0803,2023-03-28
C:EURUSD,1.08389,1.08424,1.0872,1.08176,2023-03-29
C:EURUSD,1.08423,1.09044,1.09266,1.0823,2023-03-30
C:EURUSD,1.09045,1.0869,1.0926,1.0835,2023-03-31
C:EURUSD,1.08444,1.08022,1.08479,1.08,2023-04-02
C:EURUSD,1.08025,1.09067,1.09169,1.0787,2023-04-03
C:EURUSD,1.09065,1.09574,1.0974,1.0882,2023-04-04
C:EURUSD,1.09572,1.09029,1.09698,1.089,2023-04-05
C:EURUSD,1.09028,1.09194,1.0938,1.0883,2023-04-06
C:EURUSD,1.09195,1.0994,1.0996,1.08761,2023-04-07
C:EURUSD,1.0993,1.0993,1.0993,1.0993,2023-04-08
C:EURUSD,1.08911,1.09127,1.0915,1.08911,2023-04-09
C:EURUSD,1.09127,1.0869,1.0921,1.083,2023-04-10
C:EURUSD,1.08689,1.0916,1.0929,1.0865,2023-04-11
C:EURUSD,1.09161,1.09969,1.1001,1.0913,2023-04-12
C:EURUSD,1.0995,1.10518,1.1068,1.09766,2023-04-13
C:EURUSD,1.10518,1.1102,1.1104,1.0971,2023-04-14
C:EURUSD,1.1101,1.1101,1.1101,1.1101,2023-04-15
C:EURUSD,1.09881,1.09842,1.09945,1.0982,2023-04-16
C:EURUSD,1.09843,1.09245,1.1001,1.0909,2023-04-17
C:EURUSD,1.09245,1.09748,1.09831,1.0921,2023-04-18
C:EURUSD,1.09748,1.09515,1.09841,1.0916,2023-04-19
C:EURUSD,1.09515,1.09678,1.099,1.0933,2023-04-20
C:EURUSD,1.09679,1.1095,1.1097,1.0937,2023-04-21
C:EURUSD,1.09878,1.09915,1.09958,1.09857,2023-04-23
C:EURUSD,1.09911,1.1055,1.1058,1.0964,2023-04-24
C:EURUSD,1.10572,1.09781,1.10674,1.09611,2023-04-25
C:EURUSD,1.0978,1.1045,1.10952,1.0967,2023-04-26
C:EURUSD,1.1045,1.10314,1.1064,1.0991,2023-04-27
C:EURUSD,1.10315,1.1127,1.1129,1.09621,2023-04-28
C:EURUSD,1.1126,1.1126,1.1126,1.1126,2023-04-29
C:EURUSD,1.10231,1.10104,1.10363,1.1007,2023-04-30
C:EURUSD,1.10106,1.0969,1.1037,1.0963,2023-05-01
C:EURUSD,1.09684,1.10104,1.1014,1.09418,2023-05-02
C:EURUSD,1.10105,1.10684,1.10915,1.1004,2023-05-03
C:EURUSD,1.10683,1.1021,1.10914,1.09857,2023-05-04
C:EURUSD,1.10227,1.1209,1.1211,1.09667,2023-05-05
C:EURUSD,1.10108,1.10179,1.10312,1.10108,2023-05-07
C:EURUSD,1.1018,1.0996,1.1054,1.0994,2023-05-08
C:EURUSD,1.09967,1.09644,1.1001,1.094,2023-05-09
C:EURUSD,1.09648,1.09828,1.10071,1.094,2023-05-10
C:EURUSD,1.09825,1.09119,1.09982,1.0899,2023-05-11
C:EURUSD,1.09118,1.0937,1.0938,1.08358,2023-05-12
C:EURUSD,1.0936,1.0936,1.0936,1.0936,2023-05-13
C:EURUSD,1.08556,1.08526,1.08646,1.08459,2023-05-14
C:EURUSD,1.08527,1.0872,1.0891,1.0846,2023-05-15
C:EURUSD,1.08734,1.0865,1.09046,1.0853,2023-05-16
C:EURUSD,1.0865,1.08379,1.0874,1.0809,2023-05-17
C:EURUSD,1.0838,1.0775,1.08481,1.0761,2023-05-18
C:EURUSD,1.07751,1.0821,1.083,1.0759,2023-05-19
C:EURUSD,1.0816,1.0816,1.0816,1.0816,2023-05-20
C:EURUSD,1.08088,1.0822,1.08239,1.08032,2023-05-21
C:EURUSD,1.08239,1.08108,1.08313,1.0794,2023-05-22
C:EURUSD,1.08107,1.0769,1.0821,1.0759,2023-05-23
C:EURUSD,1.07689,1.07555,1.08014,1.0741,2023-05-24
C:EURUSD,1.07555,1.07235,1.07557,1.0707,2023-05-25
C:EURUSD,1.07232,1.0729,1.07588,1.07,2023-05-26
C:EURUSD,1.0724,1.0721,1.07291,1.07105,2023-05-28
C:EURUSD,1.07209,1.07065,1.0744,1.07026,2023-05-29
C:EURUSD,1.07066,1.073,1.07471,1.0671,2023-05-30
C:EURUSD,1.07316,1.06932,1.0736,1.0634,2023-05-31
C:EURUSD,1.06931,1.07602,1.0771,1.066,2023-06-01
C:EURUSD,1.07601,1.0724,1.07791,1.06986,2023-06-02
C:EURUSD,1.0723,1.0723,1.0723,1.0723,2023-06-03
C:EURUSD,1.07098,1.06966,1.07128,1.0693,2023-06-04
C:EURUSD,1.06965,1.07112,1.07225,1.0673,2023-06-05
C:EURUSD,1.07111,1.0697,1.0733,1.06663,2023-06-06
C:EURUSD,1.06984,1.0706,1.07395,1.0667,2023-06-07
C:EURUSD,1.07068,1.07819,1.07873,1.07,2023-06-08
C:EURUSD,1.07817,1.0762,1.07852,1.0737,2023-06-09
C:EURUSD,1.0758,1.0752,1.0758,1.0752,2023-06-10
C:EURUSD,1.07449,1.07497,1.0753,1.07429,2023-06-11
C:EURUSD,1.07498,1.0761,1.0791,1.0731,2023-06-12
C:EURUSD,1.07619,1.07893,1.08236,1.0758,2023-06-13
C:EURUSD,1.07894,1.0842,1.0864,1.0773,2023-06-14
C:EURUSD,1.08427,1.09453,1.0956,1.0802,2023-06-15
C:EURUSD,1.09454,1.0964,1.0971,1.09142,2023-06-16
C:EURUSD,1.0963,1.0942,1.0963,1.09241,2023-06-18
C:EURUSD,1.094,1.09236,1.0947,1.0906,2023-06-19
C:EURUSD,1.09237,1.09199,1.09462,1.0891,2023-06-20
C:EURUSD,1.09198,1.09915,1.1007,1.0905,2023-06-21
C:EURUSD,1.09914,1.09551,1.10118,1.0947,2023-06-22
C:EURUSD,1.09555,1.0933,1.0959,1.0843,2023-06-23
C:EURUSD,1.0932,1.0932,1.0932,1.0932,2023-06-24
C:EURUSD,1.08996,1.0906,1.09098,1.08936,2023-06-25
C:EURUSD,1.09064,1.09098,1.0921,1.0886,2023-06-26
C:EURUSD,1.09097,1.09576,1.0972,1.0901,2023-06-27
C:EURUSD,1.09574,1.09151,1.09622,1.0896,2023-06-28
C:EURUSD,1.0917,1.08674,1.09413,1.0859,2023-06-29
C:EURUSD,1.08672,1.092,1.0932,1.0834,2023-06-30
C:EURUSD,1.0911,1.0906,1.09127,1.09048,2023-07-02
C:EURUSD,1.09074,1.09125,1.09339,1.0869,2023-07-03
C:EURUSD,1.0913,1.08823,1.0917,1.0875,2023-07-04
C:EURUSD,1.08825,1.08549,1.0908,1.08498,2023-07-05
C:EURUSD,1.08552,1.08896,1.09005,1.0832,2023-07-06
C:EURUSD,1.08897,1.0975,1.0976,1.0865,2023-07-07
C:EURUSD,1.0971,1.0969,1.0971,1.0969,2023-07-08
C:EURUSD,1.0968,1.0968,1.097,1.0957,2023-07-09
C:EURUSD,1.09668,1.1004,1.1009,1.0942,2023-07-10
C:EURUSD,1.10051,1.10134,1.10269,1.0976,2023-07-11
C:EURUSD,1.10133,1.11405,1.1141,1.101,2023-07-12
C:EURUSD,1.11403,1.12235,1.123,1.1128,2023-07-13
C:EURUSD,1.12233,1.1246,1.1247,1.11878,2023-07-14
C:EURUSD,1.1235,1.1235,1.1235,1.1235,2023-07-15
C:EURUSD,1.12228,1.12272,1.12364,1.12228,2023-07-16
C:EURUSD,1.1227,1.12374,1.1249,1.1203,2023-07-17
C:EURUSD,1.12371,1.12282,1.12757,1.12084,2023-07-18
C:EURUSD,1.12278,1.12048,1.12402,1.1173,2023-07-19
C:EURUSD,1.1205,1.11344,1.12291,1.1117,2023-07-20
C:EURUSD,1.11344,1.1132,1.1145,1.1107,2023-07-21
C:EURUSD,1.1131,1.1127,1.1131,1.1127,2023-07-22
C:EURUSD,1.1124,1.1124,1.11336,1.1119,2023-07-23
C:EURUSD,1.11243,1.10629,1.1147,1.1058,2023-07-24
C:EURUSD,1.10627,1.105,1.1087,1.102,2023-07-25
C:EURUSD,1.10498,1.10777,1.11065,1.1036,2023-07-26
C:EURUSD,1.10777,1.09778,1.115,1.0964,2023-07-27
C:EURUSD,1.09779,1.1035,1.10476,1.09429,2023-07-28
C:EURUSD,1.10104,1.10236,1.10279,1.10104,2023-07-30
C:EURUSD,1.10235,1.09965,1.1046,1.09914,2023-07-31
C:EURUSD,1.09965,1.10073,1.102,1.0952,2023-08-01
C:EURUSD,1.10076,1.09433,1.10076,1.0917,2023-08-02
C:EURUSD,1.0943,1.09506,1.09626,1.0911,2023-08-03
C:EURUSD,1.09511,1.1025,1.10418,1.0934,2023-08-04
C:EURUSD,1.10047,1.10023,1.10136,1.0999,2023-08-06
C:EURUSD,1.10022,1.10025,1.1013,1.0964,2023-08-07
C:EURUSD,1.10024,1.09588,1.1011,1.09287,2023-08-08
C:EURUSD,1.09593,1.0976,1.0996,1.0954,2023-08-09
C:EURUSD,1.09769,1.09814,1.10647,1.0966,2023-08-10
C:EURUSD,1.09816,1.0963,1.1005,1.0941,2023-08-11
C:EURUSD,1.09418,1.09431,1.09568,1.09396,2023-08-13
C:EURUSD,1.0943,1.0906,1.0961,1.0874,2023-08-14
C:EURUSD,1.09076,1.09034,1.09523,1.08952,2023-08-15
C:EURUSD,1.09037,1.08745,1.0935,1.087,2023-08-16
C:EURUSD,1.08743,1.08741,1.0919,1.0855,2023-08-17
C:EURUSD,1.08743,1.089,1.0894,1.08112,2023-08-18
C:EURUSD,1.08657,1.08747,1.08783,1.08641,2023-08-20
C:EURUSD,1.08745,1.08973,1.0914,1.0868,2023-08-21
C:EURUSD,1.08971,1.0845,1.09303,1.0831,2023-08-22
C:EURUSD,1.08462,1.0864,1.0872,1.0801,2023-08-23
C:EURUSD,1.08655,1.07985,1.0877,1.0792,2023-08-24
C:EURUSD,1.07983,1.0794,1.08411,1.0765,2023-08-25
C:EURUSD,1.07638,1.07966,1.08008,1.07638,2023-08-27
C:EURUSD,1.07969,1.08256,1.083,1.0795,2023-08-28
C:EURUSD,1.08256,1.08692,1.0893,1.0781,2023-08-29
C:EURUSD,1.08691,1.09294,1.09456,1.0854,2023-08-30
C:EURUSD,1.09292,1.0842,1.09396,1.0833,2023-08-31
C:EURUSD,1.08419,1.0796,1.08818,1.07696,2023-09-01
C:EURUSD,1.0796,1.0796,1.0796,1.0796,2023-09-03
C:EURUSD,1.0778,1.07909,1.0809,1.0773,2023-09-04
C:EURUSD,1.0791,1.0723,1.07983,1.0705,2023-09-05
C:EURUSD,1.07248,1.07236,1.0749,1.07018,2023-09-06
C:EURUSD,1.07239,1.0695,1.0732,1.0685,2023-09-07
C:EURUSD,1.06975,1.0712,1.0744,1.0692,2023-09-08
C:EURUSD,1.0712,1.0712,1.0712,1.0712,2023-09-09
C:EURUSD,1.07107,1.0716,1.0722,1.07065,2023-09-10
C:EURUSD,1.07162,1.07475,1.07594,1.0708,2023-09-11
C:EURUSD,1.07472,1.07529,1.07687,1.0704,2023-09-12
C:EURUSD,1.07532,1.07328,1.0765,1.07109,2023-09-13
C:EURUSD,1.07328,1.06348,1.0754,1.0628,2023-09-14
C:EURUSD,1.06354,1.0672,1.0688,1.0632,2023-09-15
C:EURUSD,1.06548,1.06677,1.0669,1.06542,2023-09-17
C:EURUSD,1.06677,1.0691,1.0699,1.0653,2023-09-18
C:EURUSD,1.06919,1.06813,1.0718,1.06738,2023-09-19
C:EURUSD,1.06814,1.06499,1.0737,1.0646,2023-09-20
C:EURUSD,1.06496,1.06601,1.06735,1.06165,2023-09-21
C:EURUSD,1.06602,1.0671,1.0672,1.0614,2023-09-22
C:EURUSD,1.06398,1.06478,1.0652,1.06398,2023-09-24
C:EURUSD,1.0648,1.0591,1.06555,1.0574,2023-09-25
C:EURUSD,1.05913,1.05691,1.0609,1.056,2023-09-26
C:EURUSD,1.05687,1.05053,1.0574,1.0487,2023-09-27
C:EURUSD,1.05053,1.05621,1.0579,1.049,2023-09-28
C:EURUSD,1.0562,1.0585,1.06171,1.0556,2023-09-29
C:EURUSD,1.05664,1.05639,1.05741,1.0557,2023-10-01
C:EURUSD,1.05639,1.04797,1.0592,1.0474,2023-10-02
C:EURUSD,1.04798,1.0468,1.0494,1.0447,2023-10-03
C:EURUSD,1.04685,1.05066,1.05321,1.045,2023-10-04
C:EURUSD,1.05063,1.0545,1.0553,1.0499,2023-10-05
C:EURUSD,1.05461,1.06,1.0601,1.0482,2023-10-06
C:EURUSD,1.05624,1.05659,1.0569,1.05488,2023-10-08
C:EURUSD,1.05662,1.05783,1.0581,1.0518,2023-10-09
C:EURUSD,1.05783,1.0604,1.062,1.0553,2023-10-10
C:EURUSD,1.06043,1.0623,1.06347,1.05773,2023-10-11
C:EURUSD,1.06228,1.05355,1.06397,1.0522,2023-10-12
C:EURUSD,1.05356,1.0511,1.05586,1.0494,2023-10-13
C:EURUSD,1.05112,1.05217,1.05251,1.05015,2023-10-15
C:EURUSD,1.05219,1.05543,1.0564,1.0514,2023-10-16
C:EURUSD,1.05541,1.05728,1.0595,1.0531,2023-10-17
C:EURUSD,1.05729,1.05377,1.05941,1.0522,2023-10-18
C:EURUSD,1.05378,1.05862,1.0616,1.0527,2023-10-19
C:EURUSD,1.0586,1.0603,1.06037,1.0564,2023-10-20
C:EURUSD,1.05918,1.0588,1.0594,1.0587,2023-10-22
C:EURUSD,1.05891,1.0668,1.06779,1.057,2023-10-23
C:EURUSD,1.06699,1.05949,1.0695,1.0582,2023-10-24
C:EURUSD,1.05947,1.05662,1.0608,1.0558,2023-10-25
C:EURUSD,1.0566,1.05636,1.05691,1.05185,2023-10-26
C:EURUSD,1.05635,1.0578,1.0597,1.0534,2023-10-27
C:EURUSD,1.05598,1.05616,1.05757,1.05585,2023-10-29
C:EURUSD,1.05616,1.06135,1.0625,1.0546,2023-10-30
C:EURUSD,1.06137,1.05777,1.06742,1.0556,2023-10-31
C:EURUSD,1.05778,1.05866,1.05868,1.05166,2023-11-01
C:EURUSD,1.05865,1.06151,1.06676,1.0583,2023-11-02
C:EURUSD,1.06152,1.0735,1.07467,1.0613,2023-11-03
C:EURUSD,1.07205,1.07311,1.07331,1.07205,2023-11-05
C:EURUSD,1.07311,1.0717,1.07567,1.07138,2023-11-06
C:EURUSD,1.07183,1.06957,1.072,1.0663,2023-11-07
C:EURUSD,1.06958,1.0711,1.0716,1.0658,2023-11-08
C:EURUSD,1.07112,1.06667,1.07253,1.0659,2023-11-09
C:EURUSD,1.06669,1.0714,1.0714,1.0655,2023-11-10
C:EURUSD,1.06833,1.06903,1.06903,1.06806,2023-11-12
C:EURUSD,1.06899,1.0701,1.07062,1.0664,2023-11-13
C:EURUSD,1.0701,1.0876,1.08874,1.0691,2023-11-14
C:EURUSD,1.08777,1.08542,1.08858,1.083,2023-11-15
C:EURUSD,1.08543,1.08531,1.08955,1.0811,2023-11-16
C:EURUSD,1.08526,1.0916,1.0918,1.0823,2023-11-17
C:EURUSD,1.09094,1.09053,1.09129,1.09043,2023-11-19
C:EURUSD,1.0905,1.0944,1.0952,1.0896,2023-11-20
C:EURUSD,1.09446,1.09166,1.0966,1.0899,2023-11-21
C:EURUSD,1.09168,1.08878,1.0923,1.0851,2023-11-22
C:EURUSD,1.08879,1.0902,1.09305,1.0886,2023-11-23
C:EURUSD,1.09042,1.0948,1.0949,1.0893,2023-11-24
C:EURUSD,1.09371,1.09393,1.09471,1.09284,2023-11-26
C:EURUSD,1.09399,1.0959,1.096,1.0924,2023-11-27
C:EURUSD,1.0959,1.10041,1.1009,1.0933,2023-11-28
C:EURUSD,1.10041,1.0973,1.10173,1.0959,2023-11-29
C:EURUSD,1.0973,1.08916,1.0984,1.08775,2023-11-30
C:EURUSD,1.08917,1.0891,1.0914,1.08285,2023-12-01
C:EURUSD,1.08693,1.08855,1.08946,1.08648,2023-12-03
C:EURUSD,1.08854,1.08374,1.08863,1.0803,2023-12-04
C:EURUSD,1.08373,1.07933,1.08473,1.0777,2023-12-05
C:EURUSD,1.0794,1.07663,1.0805,1.0757,2023-12-06
C:EURUSD,1.07664,1.07892,1.08176,1.07549,2023-12-07
C:EURUSD,1.07899,1.0772,1.08006,1.07232,2023-12-08
C:EURUSD,1.07488,1.07647,1.07673,1.07488,2023-12-10
C:EURUSD,1.0765,1.0765,1.0779,1.0741,2023-12-11
C:EURUSD,1.07654,1.0798,1.08282,1.0759,2023-12-12
C:EURUSD,1.07982,1.08827,1.08966,1.0771,2023-12-13
C:EURUSD,1.0883,1.09933,1.10091,1.0878,2023-12-14
C:EURUSD,1.09932,1.0907,1.1005,1.0876,2023-12-15
C:EURUSD,1.08898,1.08946,1.09007,1.08898,2023-12-17
C:EURUSD,1.08947,1.09227,1.0931,1.0893,2023-12-18
C:EURUSD,1.09233,1.09791,1.09874,1.0913,2023-12-19
C:EURUSD,1.09793,1.0944,1.09795,1.0928,2023-12-20
C:EURUSD,1.09432,1.10056,1.1013,1.0934,2023-12-21
C:EURUSD,1.10062,1.1026,1.10402,1.09938,2023-12-22
C:EURUSD,1.10118,1.10118,1.10118,1.10118,2023-12-24
C:EURUSD,1.1016,1.10183,1.1086,1.09885,2023-12-25
C:EURUSD,1.10186,1.1042,1.10452,1.1007,2023-12-26
C:EURUSD,1.10421,1.1107,1.1123,1.1027,2023-12-27
C:EURUSD,1.1108,1.10674,1.11395,1.1054,2023-12-28
C:EURUSD,1.10675,1.1036,1.1085,1.1023,2023-12-29
C:EURUSD,1.10353,1.10353,1.10353,1.10353,2023-12-31
C:EURUSD,1.1038,1.1037,1.1077,1.091,2024-01-01
C:EURUSD,1.10366,1.094,1.10434,1.09343,2024-01-02
C:EURUSD,1.09415,1.0926,1.0966,1.08929,2024-01-03
C:EURUSD,1.09261,1.0946,1.0973,1.0914,2024-01-04
C:EURUSD,1.0946,1.0938,1.09985,1.08758,2024-01-05
C:EURUSD,1.09359,1.09411,1.09464,1.09346,2024-01-07
C:EURUSD,1.09413,1.0949,1.0979,1.09226,2024-01-08
C:EURUSD,1.09494,1.09313,1.0967,1.091,2024-01-09
C:EURUSD,1.09319,1.0974,1.0975,1.0921,2024-01-10
C:EURUSD,1.09742,1.09824,1.09904,1.0929,2024-01-11
C:EURUSD,1.09824,1.0941,1.09869,1.0934,2024-01-12
C:EURUSD,1.09463,1.09448,1.09509,1.09431,2024-01-14
C:EURUSD,1.09449,1.09446,1.0968,1.0932,2024-01-15
C:EURUSD,1.09448,1.08783,1.09462,1.0861,2024-01-16
C:EURUSD,1.08785,1.0886,1.0886,1.0844,2024-01-17
C:EURUSD,1.08859,1.088,1.0907,1.0846,2024-01-18
C:EURUSD,1.08796,1.08944,1.0899,1.0864,2024-01-19
C:EURUSD,1.08903,1.08915,1.08974,1.08866,2024-01-21
C:EURUSD,1.08912,1.0877,1.091,1.0875,2024-01-22
C:EURUSD,1.08774,1.08572,1.0916,1.08208,2024-01-23
C:EURUSD,1.08573,1.08811,1.09322,1.085,2024-01-24
C:EURUSD,1.08807,1.08453,1.09019,1.0821,2024-01-25
C:EURUSD,1.08456,1.08416,1.08858,1.0811,2024-01-26
C:EURUSD,1.08454,1.08418,1.08485,1.08411,2024-01-28
C:EURUSD,1.08421,1.08335,1.0851,1.0794,2024-01-29
C:EURUSD,1.08336,1.0842,1.08572,1.081,2024-01-30
C:EURUSD,1.08428,1.08037,1.08874,1.0794,2024-01-31
C:EURUSD,1.08039,1.0874,1.0877,1.08,2024-02-01
C:EURUSD,1.08742,1.0786,1.0898,1.07721,2024-02-02
C:EURUSD,1.07843,1.07792,1.07856,1.07697,2024-02-04
C:EURUSD,1.07794,1.07408,1.07861,1.0722,2024-02-05
C:EURUSD,1.07411,1.07568,1.07624,1.0722,2024-02-06
C:EURUSD,1.07566,1.07755,1.0785,1.0754,2024-02-07
C:EURUSD,1.07751,1.07771,1.0789,1.0741,2024-02-08
C:EURUSD,1.07777,1.0782,1.07954,1.076,2024-02-09
C:EURUSD,1.07805,1.07977,1.07982,1.07802,2024-02-11
C:EURUSD,1.07978,1.07713,1.0806,1.0755,2024-02-12
C:EURUSD,1.07718,1.0707,1.07998,1.0699,2024-02-13
C:EURUSD,1.07084,1.0732,1.0735,1.0693,2024-02-14
C:EURUSD,1.07322,1.07725,1.0786,1.0723,2024-02-15
C:EURUSD,1.07728,1.07724,1.0789,1.0731,2024-02-16
C:EURUSD,1.0775,1.07837,1.07848,1.07719,2024-02-18
C:EURUSD,1.07836,1.07755,1.07894,1.07401,2024-02-19
C:EURUSD,1.07754,1.08098,1.0839,1.076,2024-02-20
C:EURUSD,1.08097,1.08203,1.0825,1.0788,2024-02-21
C:EURUSD,1.08198,1.08255,1.08885,1.0802,2024-02-22
C:EURUSD,1.0825,1.0821,1.084,1.0811,2024-02-23
C:EURUSD,1.08321,1.08188,1.08321,1.08141,2024-02-25
C:EURUSD,1.08186,1.08503,1.08597,1.0811,2024-02-26
C:EURUSD,1.085,1.08411,1.0866,1.0831,2024-02-27
C:EURUSD,1.08411,1.08383,1.0846,1.0796,2024-02-28
C:EURUSD,1.08384,1.08056,1.0856,1.0794,2024-02-29
C:EURUSD,1.08056,1.0839,1.08432,1.0797,2024-03-01
C:EURUSD,1.08391,1.08414,1.08438,1.08349,2024-03-03
C:EURUSD,1.08418,1.08536,1.08669,1.0836,2024-03-04
C:EURUSD,1.0854,1.08555,1.08758,1.08392,2024-03-05
C:EURUSD,1.08556,1.08991,1.09152,1.0841,2024-03-06
C:EURUSD,1.0897,1.09506,1.09512,1.0866,2024-03-07
C:EURUSD,1.0949,1.0939,1.0981,1.0917,2024-03-08
C:EURUSD,1.09398,1.09424,1.09434,1.09355,2024-03-10
C:EURUSD,1.09427,1.09305,1.0948,1.0913,2024-03-11
C:EURUSD,1.09303,1.09267,1.09434,1.0901,2024-03-12
C:EURUSD,1.09268,1.0953,1.09637,1.0918,2024-03-13
C:EURUSD,1.0953,1.0882,1.09549,1.0879,2024-03-14
C:EURUSD,1.08826,1.0889,1.09,1.0871,2024-03-15
C:EURUSD,1.08878,1.08832,1.08907,1.08812,2024-03-17
C:EURUSD,1.08831,1.0873,1.0907,1.0865,2024-03-18
C:EURUSD,1.08731,1.0861,1.0878,1.0833,2024-03-19
C:EURUSD,1.08616,1.09368,1.0939,1.0835,2024-03-20
C:EURUSD,1.0936,1.08618,1.0943,1.0854,2024-03-21
C:EURUSD,1.08621,1.0861,1.0868,1.08,2024-03-22
C:EURUSD,1.0808,1.0807,1.08096,1.08043,2024-03-24
C:EURUSD,1.08071,1.08369,1.08423,1.08,2024-03-25
C:EURUSD,1.08368,1.08325,1.08643,1.0823,2024-03-26
C:EURUSD,1.08324,1.08125,1.0839,1.0809,2024-03-27
C:EURUSD,1.08134,1.07906,1.08267,1.0773,2024-03-28
C:EURUSD,1.079,1.0799,1.0809,1.0766,2024-03-29
C:EURUSD,1.07892,1.07929,1.07962,1.07847,2024-03-31
C:EURUSD,1.0792,1.0737,1.0799,1.0729,2024-04-01
C:EURUSD,1.07371,1.07677,1.0779,1.0723,2024-04-02
C:EURUSD,1.07679,1.08378,1.08406,1.0762,2024-04-03
C:EURUSD,1.08377,1.08362,1.08765,1.0829,2024-04-04
C:EURUSD,1.08363,1.0848,1.0848,1.079,2024-04-05
C:EURUSD,1.08361,1.08296,1.08375,1.08269,2024-04-07
C:EURUSD,1.08295,1.0862,1.0864,1.0819,2024-04-08
C:EURUSD,1.08621,1.08587,1.08851,1.0846,2024-04-09
C:EURUSD,1.08586,1.0741,1.0866,1.0727,2024-04-10
C:EURUSD,1.0739,1.07258,1.0757,1.0698,2024-04-11
C:EURUSD,1.07259,1.067,1.0729,1.0622,2024-04-12
C:EURUSD,1.06334,1.0645,1.0651,1.0632,2024-04-14
C:EURUSD,1.06459,1.06244,1.06652,1.0619,2024-04-15
C:EURUSD,1.06243,1.06208,1.0654,1.0576,2024-04-16
C:EURUSD,1.06207,1.06688,1.06797,1.06058,2024-04-17
C:EURUSD,1.06687,1.06422,1.0691,1.0638,2024-04-18
C:EURUSD,1.06423,1.0669,1.0678,1.0609,2024-04-19
C:EURUSD,1.06544,1.06573,1.06609,1.06537,2024-04-21
C:EURUSD,1.06575,1.06537,1.0671,1.0623,2024-04-22
C:EURUSD,1.06537,1.07022,1.07112,1.0637,2024-04-23
C:EURUSD,1.07023,1.06996,1.07142,1.0677,2024-04-24
C:EURUSD,1.07,1.07265,1.07393,1.0677,2024-04-25
C:EURUSD,1.07265,1.07,1.07528,1.0672,2024-04-26
C:EURUSD,1.06914,1.07067,1.0708,1.06891,2024-04-28
C:EURUSD,1.07069,1.07146,1.0734,1.0688,2024-04-29
C:EURUSD,1.07145,1.06657,1.07353,1.0663,2024-04-30
C:EURUSD,1.06658,1.07172,1.0733,1.0648,2024-05-01
C:EURUSD,1.07174,1.0729,1.0732,1.0673,2024-05-02
C:EURUSD,1.07299,1.07599,1.08116,1.0723,2024-05-03
C:EURUSD,1.0771,1.07581,1.0771,1.0756,2024-05-05
C:EURUSD,1.07581,1.0769,1.0791,1.0754,2024-05-06
C:EURUSD,1.07703,1.07498,1.0788,1.0745,2024-05-07
C:EURUSD,1.07495,1.07467,1.0758,1.0733,2024-05-08
C:EURUSD,1.07465,1.07817,1.0787,1.0723,2024-05-09
C:EURUSD,1.07816,1.0771,1.0791,1.07587,2024-05-10
C:EURUSD,1.07718,1.0769,1.07751,1.07658,2024-05-12
C:EURUSD,1.07699,1.07918,1.0807,1.0764,2024-05-13
C:EURUSD,1.07919,1.08138,1.0826,1.07652,2024-05-14
C:EURUSD,1.08134,1.0888,1.0891,1.0811,2024-05-15
C:EURUSD,1.0888,1.08676,1.0895,1.0853,2024-05-16
C:EURUSD,1.08675,1.08625,1.0879,1.0834,2024-05-17
C:EURUSD,1.0865,1.0871,1.0874,1.08607,2024-05-19
C:EURUSD,1.08723,1.08602,1.08843,1.0852,2024-05-20
C:EURUSD,1.08601,1.08538,1.0876,1.08423,2024-05-21
C:EURUSD,1.08536,1.08249,1.08635,1.0816,2024-05-22
C:EURUSD,1.0825,1.08115,1.0861,1.0803,2024-05-23
C:EURUSD,1.08114,1.0843,1.0858,1.0804,2024-05-24
C:EURUSD,1.08436,1.0847,1.08512,1.08403,2024-05-26
C:EURUSD,1.08464,1.08613,1.08675,1.08207,2024-05-27
C:EURUSD,1.08614,1.08509,1.08891,1.0849,2024-05-28
C:EURUSD,1.0851,1.08008,1.0859,1.07891,2024-05-29
C:EURUSD,1.08007,1.08311,1.08451,1.0787,2024-05-30
C:EURUSD,1.08311,1.08301,1.0882,1.081,2024-05-31
C:EURUSD,1.08475,1.08524,1.08542,1.08439,2024-06-02
C:EURUSD,1.08524,1.09071,1.0911,1.0826,2024-06-03
C:EURUSD,1.0907,1.08814,1.0916,1.0858,2024-06-04
C:EURUSD,1.08815,1.08737,1.0892,1.0853,2024-06-05
C:EURUSD,1.0874,1.08915,1.09019,1.0861,2024-06-06
C:EURUSD,1.08913,1.0816,1.09017,1.0796,2024-06-07
C:EURUSD,1.07718,1.0778,1.0781,1.07621,2024-06-09
C:EURUSD,1.07785,1.07632,1.07812,1.0731,2024-06-10
C:EURUSD,1.07634,1.07399,1.07735,1.0719,2024-06-11
C:EURUSD,1.074,1.08126,1.08523,1.0733,2024-06-12
C:EURUSD,1.08126,1.07375,1.0817,1.0732,2024-06-13
C:EURUSD,1.07371,1.0703,1.0745,1.0666,2024-06-14
C:EURUSD,1.07026,1.07024,1.07087,1.07,2024-06-16
C:EURUSD,1.07022,1.0738,1.07411,1.0685,2024-06-17
C:EURUSD,1.07398,1.07386,1.07614,1.0709,2024-06-18
C:EURUSD,1.07385,1.0747,1.0754,1.0723,2024-06-19
C:EURUSD,1.07469,1.07058,1.07481,1.06989,2024-06-20
C:EURUSD,1.07059,1.0692,1.0721,1.067,2024-06-21
C:EURUSD,1.0683,1.06876,1.06953,1.0683,2024-06-23
C:EURUSD,1.06877,1.07322,1.0747,1.0682,2024-06-24
C:EURUSD,1.0732,1.07091,1.07441,1.0658,2024-06-25
C:EURUSD,1.0708,1.06798,1.0718,1.0664,2024-06-26
C:EURUSD,1.06797,1.07075,1.07265,1.0675,2024-06-27
C:EURUSD,1.07076,1.0713,1.0726,1.0684,2024-06-28
C:EURUSD,1.07445,1.07348,1.07463,1.0732,2024-06-30
C:EURUSD,1.07348,1.07363,1.07764,1.0718,2024-07-01
C:EURUSD,1.07363,1.07479,1.075,1.0708,2024-07-02
C:EURUSD,1.0748,1.07909,1.08164,1.0735,2024-07-03
C:EURUSD,1.07909,1.08104,1.0816,1.0782,2024-07-04
C:EURUSD,1.08103,1.0838,1.0843,1.07956,2024-07-05
C:EURUSD,1.08003,1.08256,1.08328,1.08003,2024-07-07
C:EURUSD,1.08254,1.08303,1.0845,1.0814,2024-07-08
C:EURUSD,1.08303,1.08142,1.0835,1.0803,2024-07-09
C:EURUSD,1.08143,1.0833,1.0837,1.0809,2024-07-10
NDX,12085.67432708806,12066.27182303612,12156.21386217595,12006.0375472456,2023-02-22
NDX,11979.79942470478,11969.651998091,12018.3206363646,11900.83850288913,2023-02-24
NDX,12106.79164897594,12057.78835428847,12159.63814875917,12034.61255297615,2023-02-27
NDX,12041.74638923655,12042.11647933587,12146.52316308931,12021.32096258543,2023-02-28
NDX,12026.71970243576,11937.4752780003,12054.4766806082,11906.57881563152,2023-03-01
NDX,11830.09370712622,11886.87838373074,11908.39096145557,11830.09370712622,2023-03-02
NDX,12110.70528658757,12193.02076296477,12211.27445059489,12095.24156254328,2023-03-03
NDX,12344.64891551357,12302.48444421607,12466.87659439047,12297.56501537421,2023-03-06
NDX,12303.19030281062,12152.17006352639,12344.04492732496,12130.00638141365,2023-03-07
NDX,12181.05780426608,12215.332571401,12237.72007280387,12102.27673210719,2023-03-08
NDX,12230.83658266843,11995.88235998666,12340.44936267155,11970.34221717375,2023-03-09
NDX,12001.69552583921,11830.28178808306,12069.62262033557,11789.85923449393,2023-03-10
NDX,11752.09646595808,11923.16717411544,12073.95498873291,11695.41307336048,2023-03-13
NDX,12078.4620669189,12199.78646849645,12217.87144341241,12035.21710547149,2023-03-14
NDX,12083.23910077472,12251.32123450554,12269.44634370725,12026.18070913052,2023-03-15
NDX,12211.86577904491,12581.39017409703,12595.69435164233,12190.65283340424,2023-03-16
NDX,12570.15787449877,12519.87537150916,12674.34349909335,12444.07822780839,2023-03-17
NDX,12487.79404474406,12562.60737888998,12578.34698916301,12407.81647416362,2023-03-20
NDX,12643.34997021695,12741.43723469103,12762.45196580061,12582.76019045262,2023-03-21
NDX,12742.40594188084,12567.15115251514,12943.61752743047,12563.77830607913,2023-03-22
NDX,12735.59559816523,12729.23276479417,12900.10246229279,12611.67217939815,2023-03-23
NDX,12700.50750344015,12767.04752267372,12770.27867280304,12608.15443934004,2023-03-24
NDX,12797.89504842098,12673.06939037384,12839.42372196783,12647.94315493839,2023-03-27
NDX,12654.90938022227,12610.56902910471,12654.90938022227,12517.87246648811,2023-03-28
NDX,12768.14370634777,12846.03138547273,12867.31872836897,12734.68135348604,2023-03-29
NDX,12934.99265252373,12963.14220516347,12987.97258045158,12894.13728606607,2023-03-30
NDX,12968.95779279255,13181.35053345811,13188.83331806594,12968.00279704574,2023-03-31
NDX,13084.09644357496,13148.35031621843,13157.47419139081,13036.54768269384,2023-04-03
NDX,13165.32420265446,13100.0749607901,13204.0783951361,13049.97705710908,2023-04-04
NDX,13056.79074212834,12967.19934763408,13065.27531992944,12894.4424875366,2023-04-05
NDX,12892.89854044721,13062.59644934291,13078.10147875381,12846.02826731398,2023-04-06
NDX,12936.52163558526,13051.23381451141,13051.85425557752,12861.51981920017,2023-04-10
NDX,13040.48714104883,12964.15482190189,13049.55936726418,12947.6560992732,2023-04-11
NDX,13043.97401702184,12848.34758264898,13071.97935517626,12833.30861042759,2023-04-12
NDX,12922.89555430134,13109.38872570732,13124.41384612318,12920.02418385964,2023-04-13
NDX,13044.69401358857,13079.51597075685,13152.28455758919,12962.50561888318,2023-04-14
NDX,13053.25793216262,13087.71371413619,13105.68397888878,12981.26264158965,2023-04-17
NDX,13180.30857764451,13091.79298613564,13196.1808354027,13044.20756995231,2023-04-18
NDX,12992.51177931454,13088.71483726067,13128.24880538789,12988.19685184953,2023-04-19
NDX,12962.28758811532,12985.9803917797,13107.92286856316,12933.79645091321,2023-04-20
NDX,12970.32118921415,13000.76793619958,13030.84684368376,12899.63885591389,2023-04-21
NDX,12981.71083753024,12969.75760106389,13044.22479284892,12883.774032941,2023-04-24
NDX,12905.08590575484,12725.10851715867,12933.28264917436,12724.24293302922,2023-04-25
NDX,12866.64129583585,12806.48476150713,12929.61848803093,12783.4177264765,2023-04-26
NDX,12963.2069352133,13160.02633119604,13175.61771857763,12938.49777351041,2023-04-27
NDX,13139.34878919871,13245.98646667011,13247.3873692245,13096.93530329968,2023-04-28
NDX,13229.11476869477,13231.46754136602,13287.47029659461,13186.39607116463,2023-05-01
NDX,13225.48413233598,13113.65964840925,13241.53044209531,13046.78602095572,2023-05-02
NDX,13123.10231628952,13030.20835495738,13231.7059296827,13026.04225568392,2023-05-03
NDX,13014.07473369836,12982.48070544007,13064.01697814945,12938.45418917474,2023-05-04
NDX,13070.69511212687,13259.13233647649,13291.10818690313,13059.9112118517,2023-05-05
NDX,13247.09372929302,13291.64240995866,13302.43304583711,13193.08053674069,2023-05-08
NDX,13228.64291765101,13201.11400309484,13254.80697599148,13193.88225300429,2023-05-09
NDX,13308.4145796211,13347.82747307838,13384.41817363996,13204.78680298946,2023-05-10
NDX,13376.85464911129,13389.77841657461,13411.69801604268,13306.08269164304,2023-05-11
NDX,13407.02004357992,13340.17545204817,13427.41536913202,13256.55915667609,2023-05-12
NDX,13352.26323988047,13413.50923878521,13419.80988338652,13297.84744639193,2023-05-15
NDX,13385.36889022709,13426.01426976057,13498.4355381363,13384.77458988418,2023-05-16
NDX,13474.51876921186,13589.26316826363,13608.3257134758,13419.3468144628,2023-05-17
NDX,13608.94630867146,13834.61599628726,13844.76330685854,13606.80539619865,2023-05-18
NDX,13842.69186145549,13803.48887934733,13874.42189757993,13763.89648108255,2023-05-19
NDX,13805.33485743055,13849.74291584328,13893.70943187844,13792.96981110488,2023-05-22
NDX,13773.68234750777,13672.53835693203,13827.10444654973,13662.90989874254,2023-05-23
NDX,13589.018099016,13604.48246325555,13655.7337263637,13520.92030941479,2023-05-24
NDX,13920.88729045528,13938.53083809707,13986.86873385721,13812.18418800153,2023-05-25
NDX,13990.55239216713,14298.40871381312,14329.48928701588,13982.16156823542,2023-05-26
NDX,14465.58861195524,14354.98605381056,14520.16997225083,14301.0760784572,2023-05-30
NDX,14293.55758132436,14254.09024818922,14375.37662601689,14216.1564486289,2023-05-31
NDX,14269.09289227992,14441.51301479579,14493.30926802531,14219.93557733289,2023-06-01
NDX,14517.07738007401,14546.64053006833,14595.8108197976,14442.15165468045,2023-06-02
NDX,14550.12644195465,14556.49656083066,14662.94645730519,14516.87824571346,2023-06-05
NDX,14526.10042192888,14558.09428489473,14593.49782886953,14476.99209886794,2023-06-06
NDX,14573.27221737075,14303.28669036327,14647.9050114953,14283.88428705936,2023-06-07
NDX,14319.23568394257,14484.54341942283,14503.30848937973,14314.69466081266,2023-06-08
NDX,14574.23764636658,14528.36047567029,14672.85163043805,14487.47581131832,2023-06-09
NDX,14617.35119181724,14784.30081239007,14789.60342444202,14571.35849682981,2023-06-12
NDX,14911.26174609459,14900.85259547366,14931.82558740617,14770.13529255471,2023-06-13
NDX,14894.09644568833,15005.69243080736,15017.10424557461,14784.62051441716,2023-06-14
NDX,14949.69683722371,15185.47655220774,15246.61811207011,14930.12161861135,2023-06-15
NDX,15272.65023922242,15083.91770721733,15284.65060009199,15073.44954461835,2023-06-16
NDX,15036.48391066877,15070.14948566977,15127.4195807999,14946.7243781848,2023-06-20
NDX,15019.00979966276,14867.45059976063,15038.8987938036,14826.02211683424,2023-06-21
NDX,14797.89040966552,15042.31944306799,15044.2205014656,14794.95442258667,2023-06-22
NDX,14879.23009056744,14891.4824003537,14983.73265418633,14821.80930684785,2023-06-23
NDX,14866.66069897254,14689.02130260016,14982.81615742884,14687.02208268085,2023-06-26
NDX,14751.56880571057,14945.90713966966,14972.31464243674,14726.74788569801,2023-06-27
NDX,14876.25105434065,14964.57482405739,15051.07652625289,14865.80701528948,2023-06-28
NDX,14965.54798951709,14939.95149345815,14986.8866102561,14876.94282821019,2023-06-29
NDX,15085.24180006295,15179.20838516407,15213.75164593196,15081.56610319916,2023-06-30
NDX,15190.5414318954,15208.6932939595,15232.96134881992,15153.59713283207,2023-07-03
NDX,15165.35858827069,15203.77765940839,15275.18148462772,15162.65811748091,2023-07-05
NDX,15054.10330754214,15089.44869228777,15106.45358010147,14969.14420626536,2023-07-06
NDX,15070.50098745841,15036.85203288828,15210.62734231826,15032.56211099787,2023-07-07
NDX,15031.94674348979,15045.6386551749,15066.43540322388,14924.63583361054,2023-07-10
NDX,15068.13162289981,15119.06175474468,15135.29060913222,14974.15999956047,2023-07-11
NDX,15279.35228505855,15307.22589531347,15364.09176358542,15209.70764997747,2023-07-12
NDX,15432.47822349836,15571.97608863432,15602.73934255319,15420.71294503684,2023-07-13
NDX,15610.00225197615,15565.59720488614,15720.05522788529,15530.99899844943,2023-07-14
NDX,15608.28381344291,15713.27711268428,15745.6667233559,15576.51217543057,2023-07-17
NDX,15671.72214208163,15841.35136312486,15895.67731015268,15607.71231274969,2023-07-18
NDX,15888.15587648817,15826.35232139781,15932.05026420087,15781.95918105374,2023-07-19
NDX,15717.67308446157,15466.0882606739,15771.84342804978,15429.86775372132,2023-07-20
NDX,15554.95481187699,15425.67396606672,15600.5376255589,15410.56559089982,2023-07-21
NDX,15475.15314141391,15448.02052097999,15504.66758041091,15374.65553603013,2023-07-24
NDX,15483.06337063049,15561.41541626182,15622.68655148195,15482.03953409444,2023-07-25
NDX,15514.04174631834,15499.26473526639,15571.15664157776,15411.90500977378,2023-07-26
NDX,15734.02702464318,15464.92919772619,15795.51233288674,15416.047257584,2023-07-27
NDX,15630.17362298252,15750.92771978492,15788.47597015715,15617.7476911446,2023-07-28
NDX,15774.29697913586,15756.99941665471,15803.55178135431,15702.73680147429,2023-07-31
NDX,15696.98268464625,15718.00918877653,15748.42692879305,15636.56536422084,2023-08-01
NDX,15561.14759604778,15370.73887045642,15561.3565202507,15321.43716998052,2023-08-02
NDX,15287.77301957027,15353.54120639021,15436.5905407642,15270.72237905289,2023-08-03
NDX,15420.7391719441,15274.91503440916,15523.31437670746,15258.68561169844,2023-08-04
NDX,15355.62253695427,15407.85441512311,15410.85392018024,15258.920374473,2023-08-07
NDX,15279.41420070963,15273.04838155852,15295.79951996568,15148.24572589929,2023-08-08
NDX,15286.98752686512,15101.70736461432,15288.76044220756,15077.91134872033,2023-08-09
NDX,15217.29421892228,15128.837438579,15366.28681182359,15072.49181481393,2023-08-10
NDX,15010.52414233809,15028.07147324647,15102.53056081587,14973.66529150839,2023-08-11
NDX,14988.41698554057,15205.58545032736,15206.26291617252,14972.01054410756,2023-08-14
NDX,15172.07898592668,15037.64754458052,15192.88417936485,15014.36484646226,2023-08-15
NDX,15021.62966728397,14876.46951484756,15077.04822936773,14874.02352063015,2023-08-16
NDX,14943.33614461143,14715.81040096317,14949.58450970335,14698.28767576406,2023-08-17
NDX,14589.71382071723,14694.83711013657,14744.56804713588,14557.82921474942,2023-08-18
NDX,14762.0064012999,14936.68589091251,14958.86514599399,14739.366958773,2023-08-21
NDX,15035.07315542953,14908.96232660824,15037.79376398134,14883.98233999803,2023-08-22
NDX,14947.57536301601,15148.05561002108,15188.86347447067,14947.57536301601,2023-08-23
NDX,15278.93086288406,14816.44191826432,15279.2433967274,14814.83366482806,2023-08-24
NDX,14858.93112939414,14941.82699181644,15001.29149402478,14715.36113605962,2023-08-25
NDX,15035.47858078091,15052.46034087338,15086.23157373987,14948.9238020821,2023-08-28
NDX,15043.02428417087,15376.54764313747,15391.56099586715,15034.54394663943,2023-08-29
NDX,15386.66598877322,15462.43083319558,15484.82615111321,15341.94317602413,2023-08-30
NDX,15475.43036229929,15501.07442640266,15575.01434034942,15466.41051483243,2023-08-31
NDX,15600.95326180434,15490.86362903571,15618.85366066902,15429.35964942382,2023-09-01
NDX,15460.52252530936,15508.2356725109,15556.84661690081,15419.96027819632,2023-09-05
NDX,15467.32228177067,15371.44302821838,15486.99844034106,15289.47967737951,2023-09-06
NDX,15174.22129129804,15258.52215633162,15288.19626562294,15138.72554417731,2023-09-07
NDX,15265.57403536179,15280.23023330795,15374.21970680291,15244.06176559889,2023-09-08
NDX,15409.77411095404,15461.865112059,15482.84121466085,15328.34706191972,2023-09-11
NDX,15390.5881381351,15289.7363797206,15447.84871658982,15278.88022357754,2023-09-12
NDX,15293.26758629757,15348.52513830686,15414.60914189954,15256.59945306311,2023-09-13
NDX,15433.01277872318,15473.89311079591,15512.81713442314,15337.18210930708,2023-09-14
NDX,15425.94789742755,15202.39822596306,15435.44980019982,15173.70916737754,2023-09-15
NDX,15161.16844824385,15225.37180225281,15268.96213268835,15155.46063044387,2023-09-18
NDX,15152.53158022411,15191.23444109215,15219.92249942885,15069.41465290044,2023-09-19
NDX,15225.3441271995,14969.92259242014,15245.19245324362,14967.60285142915,2023-09-20
NDX,14813.48473147881,14694.24334918638,14849.24844308692,14691.68939086582,2023-09-21
NDX,14756.62391443788,14701.09663069552,14855.91952967669,14686.8436739244,2023-09-22
NDX,14716.5333412669,14716.5333412669,14716.5333412669,14716.5333412669,2023-09-23
NDX,14662.69110707071,14768.89505296796,14771.11775093188,14615.44864454962,2023-09-25
NDX,14668.45440321786,14545.82596943556,14678.48179154095,14505.6755944191,2023-09-26
NDX,14600.13873136468,14580.15928676499,14657.2113799592,14432.59695271572,2023-09-27
NDX,14530.95947792657,14702.76563526051,14787.58360488529,14510.17002044757,2023-09-28
NDX,14853.34650374633,14715.24405074836,14901.85262193658,14664.77699378714,2023-09-29
NDX,14717.89607304373,14837.56942113192,14892.17577312036,14701.52373322334,2023-10-02
NDX,14744.04991484042,14565.61633915023,14819.8659340293,14504.1437657759,2023-10-03
NDX,14613.22620151764,14776.25252239099,14803.04272983327,14592.55503781017,2023-10-04
NDX,14769.5533142422,14723.22244541963,14784.68604436801,14584.38599187312,2023-10-05
NDX,14622.22750204599,14973.24136117539,15021.38331629785,14575.94766779678,2023-10-06
NDX,14871.57260024411,15047.1545117854,15070.64185612409,14816.32027902484,2023-10-09
NDX,15074.04387447859,15131.51996372612,15241.94269041294,15050.53872285609,2023-10-10
NDX,15194.53036160367,15241.11589105718,15248.21669211,15119.61513631314,2023-10-11
NDX,15264.10865500176,15184.10007906576,15333.97850976143,15090.69346580384,2023-10-12
NDX,15225.72811790882,14995.11543088423,15232.36700378746,14943.41788161767,2023-10-13
NDX,14997.41483715776,15084.51174807094,15084.51174807094,14997.41483715776,2023-10-14
NDX,15054.47733030448,15172.73209884456,15209.49655523867,15047.26923633221,2023-10-16
NDX,15009.25920777051,15122.01188180248,15187.0596206757,14932.76948892444,2023-10-17
NDX,15022.28434656282,14909.25944415608,15103.8721135395,14865.80865900193,2023-10-18
NDX,14981.12533856405,14783.12694602243,15023.90867098671,14749.30131093821,2023-10-19
NDX,14752.58528413058,14560.87681353382,14781.22197807943,14552.12232095713,2023-10-20
NDX,14514.11201113668,14604.85016245849,14746.36631475482,14419.05905684099,2023-10-23
NDX,14678.40916537188,14745.85497833076,14774.16163645096,14610.32820896796,2023-10-24
NDX,14642.07584814731,14381.64093148106,14643.69410908227,14362.2405086793,2023-10-25
NDX,14314.01374996893,14109.57299830961,14372.50890984439,14058.33257741912,2023-10-26
NDX,14245.74894571198,14180.42076333726,14321.03894456077,14130.36888466714,2023-10-27
NDX,14283.98082601878,14335.50719849482,14388.20205116475,14225.85853703702,2023-10-30
NDX,14340.85849681414,14409.78311730728,14420.443194255,14232.40226541273,2023-10-31
NDX,14453.67579148895,14664.9051595529,14677.86124354592,14441.89455418779,2023-11-01
NDX,14856.94802457892,14919.5452798056,14930.76445977627,14792.80862058835,2023-11-02
NDX,14985.12223085201,15099.49147106894,15149.78086853318,14965.28709120444,2023-11-03
NDX,15137.16478152778,15154.92626727298,15180.19311764647,15064.90629089599,2023-11-06
NDX,15201.77067594698,15296.01863780093,15335.44253972976,15153.30951560934,2023-11-07
NDX,15313.90129941361,15313.24107606342,15343.18612585608,15220.88451219251,2023-11-08
NDX,15351.12216913995,15187.89750959099,15382.10651734339,15171.31589827599,2023-11-09
NDX,15252.36328820257,15529.11952746574,15535.20232309415,15237.17387972501,2023-11-10
NDX,15469.20913900208,15482.78674064568,15524.66177683152,15404.70727586374,2023-11-13
NDX,15744.36112947977,15812.47295121558,15850.33668525562,15726.12418981846,2023-11-14
NDX,15881.72076161759,15817.17609926806,15904.62715304483,15765.30549367028,2023-11-15
NDX,15765.19844814927,15833.17273456648,15842.63360223545,15738.22373153728,2023-11-16
NDX,15803.9827085015,15837.99318252915,15876.86633275454,15766.94452023503,2023-11-17
NDX,15845.19666290233,16027.06345464533,16056.75590015671,15844.82831203815,2023-11-20
NDX,15951.55178901019,15933.61969063319,15968.08641559725,15866.81535445466,2023-11-21
NDX,16025.74303530545,16001.38590021055,16119.31387589465,15964.03826898278,2023-11-22
NDX,15974.85043647017,15943.35308799192,16007.42570650574,15940.62256991987,2023-11-24
NDX,15969.72012369908,15961.98084449031,16045.30030681593,15932.19275909873,2023-11-27
NDX,15940.29380661089,15929.13732435247,15970.83064519958,15927.47925875134,2023-11-28
NDX,16111.36274602076,16158.29970382318,16161.81513642054,16110.6505277532,2023-11-29
NDX,15987.66330022074,15947.86949623096,16013.48099894327,15825.6679997384,2023-11-30
NDX,15892.58625559371,15997.57892552685,16013.75015824908,15834.92675512712,2023-12-01
NDX,15837.12275312861,15839.66922283435,15852.44770012874,15695.5835568797,2023-12-04
NDX,15763.65476634115,15877.70894553208,15931.84187440924,15760.58799894921,2023-12-05
NDX,15990.19558596765,15918.50302116928,15990.93691201839,15913.73068325755,2023-12-06
NDX,15888.23327883742,16022.48722175886,16042.50782195711,15875.47696897303,2023-12-07
NDX,15952.85329924595,16084.68872089865,16100.85635921983,15937.57753616516,2023-12-08
NDX,16069.61508862652,16221.73476961587,16232.2553425942,16061.87408947418,2023-12-11
NDX,16209.61125412864,16354.24753888684,16354.24753888684,16175.46130232765,2023-12-12
NDX,16392.17854411113,16562.36987187913,16581.04034089702,16357.21036689427,2023-12-13
NDX,16603.53983587595,16537.82551292034,16660.70932856533,16419.26120156638,2023-12-14
NDX,16586.99729346582,16623.44696925489,16669.77398732243,16557.01010364015,2023-12-15
NDX,16631.11244799414,16729.80261637625,16764.31549938763,16629.28927274458,2023-12-18
NDX,16734.25392643041,16811.85494855435,16813.01145664161,16733.37693109166,2023-12-19
NDX,16763.64048347002,16554.15807468406,16860.67636759693,16552.06393999167,2023-12-20
NDX,16719.61100225966,16757.40810549438,16768.02432704374,16621.5167732707,2023-12-21
NDX,16799.01859522059,16777.40338467686,16839.25283626,16703.57071596427,2023-12-22
NDX,16816.7836741272,16878.4616554103,16907.51193511429,16813.56546301424,2023-12-26
NDX,16896.14294670473,16906.8010559339,16922.01445053441,16859.55255546979,2023-12-27
NDX,16963.51711129441,16898.47319077154,16969.17058548589,16891.32378225857,2023-12-28
NDX,16902.4446844648,16825.93070568058,16919.51029402964,16757.88518685944,2023-12-29
NDX,16667.2989250833,16543.93760613773,16686.60350195957,16453.15030260031,2024-01-02
NDX,16413.25542943792,16368.49057016411,16471.07683758718,16352.14201822551,2024-01-03
NDX,16290.77501779523,16282.01240905942,16419.43817262962,16276.4310122321,2024-01-04
NDX,16281.74436804671,16305.97906081521,16415.39253800319,16249.18904146178,2024-01-05
NDX,16354.22071963576,16649.8742738352,16655.23102549871,16349.39033353261,2024-01-08
NDX,16531.9599638416,16678.70440060544,16710.88451392252,16513.73449093977,2024-01-09
NDX,16702.55309456953,16793.04511894746,16827.36721434607,16654.74066365853,2024-01-10
NDX,16852.18886433119,16820.90066603006,16898.15580263613,16618.85825783025,2024-01-11
NDX,16855.00310672873,16832.91796083188,16900.36909684942,16776.9177437379,2024-01-12
NDX,16775.09769258038,16830.70926398125,16895.32640337128,16726.59034523443,2024-01-16
NDX,16705.50763511584,16736.27929115445,16749.1141317254,16561.49047668491,2024-01-17
NDX,16894.33074175336,16982.28860093269,16996.98370256895,16818.12691337191,2024-01-18
NDX,17060.14446557914,17314.00480342127,17317.21205633904,17041.85163030771,2024-01-19
NDX,17403.6183078734,17330.38003852701,17450.3013328094,17309.86619204739,2024-01-22
NDX,17346.95101838197,17404.20562888379,17410.86330786642,17286.01842926932,2024-01-23
NDX,17562.31604869129,17499.29847416757,17665.25931146499,17481.97154841796,2024-01-24
NDX,17589.26979983632,17516.98810099811,17631.33700218257,17430.37452781362,2024-01-25
NDX,17432.87360775225,17421.00924072959,17514.75561233032,17395.53535241529,2024-01-26
NDX,17438.03014313286,17596.27001296096,17603.95319022773,17414.622674342,2024-01-29
NDX,17556.49064567178,17476.70931090266,17578.45686428069,17443.77338739071,2024-01-30
NDX,17269.97537511707,17137.23579120616,17375.32229609097,17128.73879533896,2024-01-31
NDX,17216.99400803838,17344.7093191499,17356.76162380459,17175.8279508309,2024-02-01
NDX,17415.94044768011,17642.73155693633,17682.29179871978,17378.37400986552,2024-02-02
NDX,17634.69240766361,17613.03611057751,17655.77284725765,17469.61688444586,2024-02-05
NDX,17664.43864288946,17572.73388552524,17680.61739884382,17475.43368876344,2024-02-06
NDX,17674.59283029206,17755.07147667831,17784.16899602306,17637.72951822844,2024-02-07
NDX,17757.5980035715,17783.16595646633,17814.12174733718,17728.55397154066,2024-02-08
NDX,17820.98068410641,17962.40512747074,17987.89728241598,17798.81344404728,2024-02-09
NDX,17942.28393296156,17882.66096762813,18041.45401568676,17859.65770517935,2024-02-12
NDX,17519.79594400251,17600.4236397292,17717.66870527668,17478.23250778051,2024-02-13
NDX,17728.89935472353,17807.63068272447,17815.18177367487,17619.92206849989,2024-02-14
NDX,17815.32134979768,17845.72342187266,17864.58495234145,17722.30569390676,2024-02-15
NDX,17853.59430608054,17685.98038951179,17864.15803504876,17663.39941065497,2024-02-16
NDX,17591.16774720154,17546.09596597033,17657.07983142765,17399.4070181944,2024-02-20
NDX,17412.78823208775,17478.90800615993,17482.13092116542,17319.43829605277,2024-02-21
NDX,17857.75550663998,18004.70228924498,18034.80437573113,17808.26000678968,2024-02-22
NDX,18052.59244018701,17937.60973793411,18091.62444934009,17902.77669922034,2024-02-23
NDX,17970.20933054755,17933.33234797932,18014.10910534034,17926.66073258562,2024-02-26
NDX,17962.58314489904,17971.04650881895,17987.54126085128,17871.05749763548,2024-02-27
NDX,17895.02621953252,17874.50353332059,17931.01306556362,17840.35580663098,2024-02-28
NDX,17991.67131669206,18043.85001331123,18068.51833402559,17866.26062946634,2024-02-29
NDX,18069.28577152792,18302.90975008074,18333.2566053976,18064.4388955297,2024-03-01
NDX,18290.09683954994,18226.48234552608,18313.42858583214,18218.24529669479,2024-03-04
NDX,18088.70611883717,17897.86741047339,18097.50069254871,17804.4954024863,2024-03-05
NDX,18083.50872975537,18017.57468569911,18142.87814010117,17941.64467935518,2024-03-06
NDX,18161.73167321018,18297.99040220537,18337.95407783484,18101.43314378806,2024-03-07
NDX,18312.78497656072,18018.4524209871,18416.72688675222,17995.38285064887,2024-03-08
NDX,17959.67972497803,17951.6919746409,18003.04900045078,17873.32670526952,2024-03-11
NDX,18063.02361973701,18219.11454913857,18228.36961150191,17919.3327021502,2024-03-12
NDX,18151.75528508817,18068.46731498192,18163.74242009961,18030.40313677069,2024-03-13
NDX,18114.68601991626,18014.80587080153,18142.9029788032,17913.62898548925,2024-03-14
NDX,17926.9169267366,17808.24994056896,17930.47162915616,17764.98817037678,2024-03-15
NDX,18024.23821438116,17985.00686910115,18124.32430803588,17973.08761628692,2024-03-18
NDX,17902.51537873831,18032.20493765201,18039.82249781734,17809.14962042434,2024-03-19
NDX,18067.69889926989,18240.10687201883,18249.11924285353,18003.2404136036,2024-03-20
NDX,18438.23981976746,18320.37547739828,18464.7035828885,18317.09506211292,2024-03-21
NDX,18293.1485943148,18339.44247124499,18386.25219476104,18267.48958870343,2024-03-22
NDX,18215.54364307991,18277.06363168295,18337.34707223643,18189.27827000426,2024-03-25
NDX,18329.2858737352,18210.53672933598,18378.70021274486,18207.87920979941,2024-03-26
NDX,18338.18694193262,18280.84200061059,18344.08625528741,18168.2041614765,2024-03-27
NDX,18263.41059400338,18254.68877690825,18308.31648391215,18231.38319273456,2024-03-28
NDX,18280.8194213926,18293.1985457811,18391.58264947711,18211.27557144379,2024-04-01
NDX,18076.43260379754,18121.78376983274,18135.57460365485,18002.26685577332,2024-04-02
NDX,18054.44464661479,18160.19035551588,18238.66500929783,18045.41925293409,2024-04-03
NDX,18331.0232864102,17878.77994094706,18362.28791931052,17875.7461083859,2024-04-04
NDX,17940.2783401901,18108.45626232087,18202.95551819502,17912.85854353996,2024-04-05
NDX,18130.44118427795,18100.19233446655,18178.65642659122,18050.68958908115,2024-04-08
NDX,18188.86666996964,18169.90490540768,18210.02379099622,17973.0713402293,2024-04-09
NDX,17957.95611639143,18011.65476767833,18040.82968821636,17932.4150877203,2024-04-10
NDX,18085.11208238033,18307.98265858954,18337.1509148954,17998.25274532019,2024-04-11
NDX,18117.67140883034,18003.48672366204,18166.49358316497,17952.08519970589,2024-04-12
NDX,18143.25456428002,17706.83238943724,18152.08087141352,17676.3462581273,2024-04-15
NDX,17691.44864568688,17713.66416019902,17817.72602773676,17660.88914907592,2024-04-16
NDX,17785.82259192908,17493.62169048919,17788.53820803673,17459.57174281333,2024-04-17
NDX,17514.77014256282,17394.3141718854,17590.81165361064,17376.49400617085,2024-04-18
NDX,17334.71022579971,17037.64565057241,17362.28068269716,16973.94196169122,2024-04-19
NDX,17161.10898864822,17210.88556792665,17305.15300484702,17010.25483470175,2024-04-22
NDX,17297.2386621828,17471.47136890356,17513.30723818752,17277.25484321471,2024-04-23
NDX,17613.66178108069,17526.80046347842,17653.65752860066,17435.33214312158,2024-04-24
NDX,17205.27947856537,17430.50359092544,17474.46095342574,17172.42281209206,2024-04-25
NDX,17566.22328124947,17718.29872095628,17772.77642189092,17533.08087906539,2024-04-26
NDX,17801.139470156,17782.71505413238,17820.00033169726,17671.03253305016,2024-04-29
NDX,17720.3531533753,17440.69183718555,17768.86933426669,17440.69183718555,2024-04-30
NDX,17382.77678749994,17318.54859363804,17667.86152348903,17284.36581682217,2024-05-01
NDX,17474.91512462568,17541.54134334946,17575.80457079906,17290.63650206353,2024-05-02
NDX,17848.6606595277,17890.79532155735,17926.97789987739,17784.78120876062,2024-05-03
NDX,17950.98398236091,18093.56589755589,18094.46052085218,17937.28193877399,2024-05-06
NDX,18106.33200082134,18091.44619943184,18156.31888916287,18061.60521267198,2024-05-07
NDX,17987.70464758797,18085.01164002989,18135.34399047651,17987.70464758797,2024-05-08
NDX,18095.796482354,18113.46290716427,18138.01871230662,18012.61810925936,2024-05-09
NDX,18171.14550629026,18161.17989896498,18247.60863856543,18099.72538902178,2024-05-10
NDX,18228.40492635576,18198.61412238115,18233.49531049996,18147.57271878186,2024-05-13
NDX,18187.50635176001,18322.77060117382,18339.57950704981,18175.29725296418,2024-05-14
NDX,18412.80699260367,18596.65134062301,18607.52729500568,18359.31950923107,2024-05-15
NDX,18589.9774910173,18557.96438158368,18669.49774277168,18553.30279247614,2024-05-16
NDX,18571.82113796285,18546.22981355143,18590.36815967219,18462.253427709,2024-05-17
NDX,18559.21652334926,18674.18691243955,18703.82864379392,18549.84016393859,2024-05-20
NDX,18603.98655945749,18713.79775448905,18721.17701485229,18589.91245233597,2024-05-21
NDX,18733.5446872542,18705.20233184233,18756.68752406594,18606.16047832354,2024-05-22
NDX,18907.13705512646,18623.38734088473,18907.54338340147,18554.88994858876,2024-05-23
NDX,18669.35890326319,18808.34673369612,18851.98897797014,18664.78789326279,2024-05-24
NDX,18855.15015908835,18869.4400368712,18875.19713899384,18755.94447843186,2024-05-28
NDX,18708.07363025895,18736.75452168901,18814.81520496344,18706.62458192686,2024-05-29
NDX,18683.24565777945,18538.66259353875,18705.26136413013,18487.76265073961,2024-05-30
NDX,18550.80295199804,18536.65084017172,18574.56452561184,18189.78039427838,2024-05-31
NDX,18666.72269255174,18600.97430157118,18707.21864466211,18392.57219190483,2024-06-03
NDX,18597.99951248925,18654.83663795863,18697.94677644399,18521.85041733735,2024-06-04
NDX,18791.27948188194,19035.04843964258,19035.86811267088,18768.25444065337,2024-06-05
NDX,19053.00648422568,19021.19338250872,19071.78675912195,18978.85812542063,2024-06-06
NDX,18992.57729438165,19000.95068891885,19113.88304453862,18958.67889687748,2024-06-07
NDX,18945.31430262535,19074.67469647794,19089.83484241007,18940.70535379444,2024-06-10
NDX,19031.39790654618,19210.18482439027,19212.63350149218,18966.56110358806,2024-06-11
NDX,19358.25937816403,19465.1794640695,19556.89508386722,19347.28057882641,2024-06-12
NDX,19609.0508945026,19576.92365893397,19639.44970211524,19473.70523696581,2024-06-13
NDX,19557.2204978493,19659.80014561004,19664.59439707057,19534.62240485794,2024-06-14
NDX,19681.85583547603,19902.74884831714,19977.84132716086,19623.71418074436,2024-06-17
NDX,19904.43182260189,19908.85759046746,19940.49961285295,19837.85883666706,2024-06-18
NDX,19962.96723277523,19752.29783112089,19979.92733086331,19685.03053023464,2024-06-20
NDX,19722.37158451509,19700.43122184786,19801.96690583611,19643.52031169316,2024-06-21
NDX,19648.23146159148,19474.61981217059,19723.20155734174,19472.52920522999,2024-06-24
NDX,19555.83913579358,19701.128649269,19712.41545199914,19523.50672244783,2024-06-25
NDX,19671.06807918604,19751.04783769252,19763.5457465626,19654.18310358811,2024-06-26
NDX,19740.51501304937,19789.02700989159,19850.81018275664,19701.33624929055,2024-06-27
NDX,19817.00451612913,19682.87092403128,20017.71460722635,19665.84863332626,2024-06-28
NDX,19720.11206179996,19812.22252929795,19827.74880258286,19577.53546714956,2024-07-01
NDX,19746.22374982493,20011.89296295148,20014.91530985401,19741.8093749458,2024-07-02
NDX,19995.27906310098,20186.63345870672,20186.63345870672,19995.27906310098,2024-07-03
NDX,20224.13020008683,20391.96610075356,20406.99498602231,20201.50077417873,2024-07-05
NDX,20393.88745845076,20439.54172694117,20455.38076887547,20363.37061354447,2024-07-08
NDX,20504.17345122792,20453.02402430098,20543.90289753219,20395.57241177082,2024-07-09
NDX,20533.27085332791,20675.37862430185,20690.96639912425,20479.94260908739,2024-07-10
